user_number,timestamp,pizza,steak,mac and cheese,bbq ribs,fried chicken,chicken nuggets or tenders,alaskan salmon,chicken pot pie,jambalaya,pot roast,buffalo wings,burrito,street tacos,mole poblano,enchiladas,pozole,tamales,cochinita pibil,birria,carne asada,fajita,quesadilla,paella,tortilla española,fabada,cochinillo,bacalao a la vizcaína,flatbread pizza,lasagna,pasta carbonara,fettuccine alfredo,calzone,gnocchi,saltimbocca,coq au vin,bouillabaisse,duck confit,cassoulet,quiche lorraine,sole meunière,tartiflette,general tso's chicken,peking duck,kung pao chicken,mapo tofu,sweet and sour pork,hot pot,chow mein,zongzi,beef and broccoli,char siu,chicken tikka masala,butter chicken,biryani,rogan josh,paneer tikka,chana masala,tandoori chicken,vindaloo,shawarma,kofta,tabbouleh,shakshuka,falafel,mansaf,kibbeh,moussaka,souvlaki,dolma (stuffed grapeleaves),spanakopita,gyros,stifado,fasolada,kleftiko,bibimbap,kimchi jjigae,bulgogi,samgyeopsal,sundubu jjigae,galbi,naengmyeon,dakgalbi,sushi,ramen,shrimp tempura,tonkatsu,yakitori,udon,okonomiyaki,shabu-shabu,donburi,pad thai,green curry,massaman curry,khao soi,larb,tom kha gai,shepard's pie,fish and chips,poke,huli huli,pho,chili,panini/grilled cheese w/ tomato soup,chicken noodle soup,minestrone,french onion soup,clam chowder,cream of mushroom soup,lentil soup,broccoli and cheddar soup,tortilla soup,cobb salad,caesar salad,italian salad,taco salad,greek salad,fattoush,wedge salad,pasta salad,po boy,reuben sandwich,club sandwich,philly cheese steak,fried chicken sandwich,pulled pork sandwich,blt,french dip,italian sandwich,sloppy joe,meatball sub
-1,3/2/2025 12:00:00,1,0,1,1,0,1,0,1,0,0,0,0,1,0,1,0,-1,0,0,1,0,1,-1,-1,-1,-1,0,1,-1,-1,0,0,0,-1,0,-1,1,0,-1,0,1,0,0,1,-1,1,-1,0,0,1,0,0,1,1,0,1,0,1,0,1,1,0,-1,-1,0,0,0,1,0,-1,1,-1,0,0,1,-1,1,0,-1,0,0,0,1,1,0,0,0,1,-1,0,0,1,0,-1,0,0,-1,1,1,-1,1,-1,1,0,0,0,0,0,-1,-1,-1,0,0,0,0,1,-1,-1,1,0,0,0,0,1,1,0,0,1,1,1,0
-2,3/2/2025 12:00:00,1,1,0,0,0,0,-1,1,0,0,-1,1,0,0,1,0,-1,1,1,0,0,0,-1,-1,-1,1,0,1,-1,0,1,0,0,-1,0,0,-1,1,-1,0,1,1,0,0,0,1,-1,1,0,0,1,1,1,1,-1,0,0,0,0,1,-1,0,0,-1,1,0,-1,0,0,-1,0,0,-1,-1,0,-1,-1,-1,0,0,-1,0,-1,0,0,0,-1,0,0,-1,-1,0,0,0,-1,-1,-1,1,1,-1,1,-1,0,0,1,0,0,-1,-1,0,-1,0,0,0,1,1,-1,0,0,1,1,1,0,1,0,1,0,0,0,1,0
-3,3/2/2025 12:00:00,0,0,0,1,0,1,0,0,1,-1,-1,0,0,-1,1,0,0,0,0,1,-1,1,-1,1,1,0,-1,0,1,1,0,1,1,0,-1,0,-1,1,0,-1,0,1,0,-1,0,-1,1,0,1,0,0,0,0,1,0,0,-1,1,1,0,1,-1,1,0,1,0,0,1,0,-1,1,0,1,0,1,1,0,0,1,0,0,-1,0,0,-1,0,1,0,0,1,1,1,0,1,0,0,1,1,-1,-1,1,1,1,1,0,-1,0,0,0,0,0,1,-1,0,1,1,1,0,0,0,0,0,0,1,1,1,0,1,-1,0,0
-4,3/2/2025 12:00:00,0,0,1,1,1,0,0,0,1,1,0,0,1,-1,1,0,0,-1,0,0,1,0,1,1,1,0,1,1,0,1,0,0,1,1,-1,1,-1,0,0,1,0,0,0,0,-1,0,-1,1,0,1,1,0,0,1,-1,1,0,0,1,1,0,0,1,1,0,-1,0,0,-1,1,1,-1,0,0,0,-1,0,0,-1,-1,0,-1,0,0,1,1,0,1,-1,0,0,1,0,0,1,0,-1,-1,1,-1,1,-1,0,0,1,0,1,0,-1,1,0,0,0,-1,0,1,-1,0,0,-1,0,0,1,1,0,1,0,0,1,0,1
-5,3/2/2025 12:00:00,0,1,0,0,0,0,-1,1,1,1,0,1,0,0,0,0,1,0,1,0,-1,1,0,-1,1,-1,-1,1,1,1,1,0,0,0,0,0,-1,1,1,-1,0,0,1,-1,0,0,-1,0,0,1,1,1,0,-1,-1,0,-1,0,0,0,1,-1,-1,-1,0,0,0,1,0,0,1,-1,0,-1,1,-1,0,0,-1,1,0,0,0,1,0,1,0,0,0,-1,1,0,-1,-1,1,0,0,1,1,-1,1,-1,1,0,1,0,1,0,-1,0,0,0,1,1,0,0,0,0,-1,1,-1,0,0,0,0,-1,1,1,1,0,0
-6,3/2/2025 12:00:00,0,0,0,1,0,0,0,-1,1,1,1,0,1,0,1,0,0,0,1,1,0,1,1,1,1,1,0,0,1,0,1,1,1,0,1,0,0,1,0,1,1,1,1,0,1,0,0,0,0,1,1,0,1,0,0,1,0,1,1,1,0,1,0,1,0,1,-1,0,0,1,1,1,0,0,0,1,0,1,1,0,0,1,0,1,0,1,0,1,1,0,0,0,1,1,1,0,0,-1,1,-1,1,1,0,0,1,-1,1,1,0,0,0,0,0,0,1,1,1,0,0,-1,-1,0,0,1,1,0,1,0,0,0,1
-7,3/2/2025 12:00:00,0,0,0,0,1,1,0,1,1,1,0,1,1,0,0,0,0,0,1,1,1,0,-1,0,-1,1,1,0,1,1,1,0,1,0,1,0,0,1,1,0,1,1,0,1,-1,0,-1,1,0,0,0,1,1,0,0,1,1,0,0,0,0,0,1,-1,-1,1,0,1,-1,1,0,0,0,1,1,0,0,0,-1,0,-1,1,0,0,0,0,1,1,1,-1,0,0,1,0,-1,1,0,1,1,1,1,1,0,1,1,-1,0,0,0,0,1,0,0,1,0,0,-1,1,1,0,1,1,1,1,0,0,0,1,0,0,0
-8,3/2/2025 12:00:00,1,0,0,0,1,0,1,1,0,1,0,0,1,0,0,0,1,1,0,1,0,1,1,0,1,1,1,1,1,0,0,1,0,-1,1,1,0,0,-1,1,0,1,0,0,0,0,-1,1,1,1,0,1,0,1,0,0,0,1,1,1,1,0,-1,0,0,-1,0,0,0,-1,1,0,-1,1,1,0,0,1,-1,0,1,0,1,0,1,1,0,0,1,0,0,0,0,-1,0,-1,-1,1,1,1,1,1,0,0,1,1,0,-1,0,0,0,1,1,0,0,0,0,1,1,1,0,1,1,0,1,0,0,1,0,0,1
-9,3/2/2025 12:00:00,1,0,1,1,0,-1,0,0,0,-1,0,1,0,0,0,0,1,0,1,-1,1,0,-1,0,-1,0,-1,1,0,0,1,-1,1,0,0,0,-1,-1,-1,-1,0,1,0,1,0,0,-1,1,-1,0,0,0,1,1,0,0,1,0,1,1,0,0,-1,0,1,1,1,0,0,1,1,0,0,-1,1,0,1,-1,0,0,-1,0,1,1,0,1,1,0,0,0,0,0,1,0,0,1,1,1,1,1,1,-1,1,0,0,0,0,0,-1,0,1,1,1,0,1,1,1,0,0,0,1,0,0,-1,0,1,1,0,0,0,1
-10,3/2/2025 12:00:00,0,0,-1,0,0,0,-1,-1,1,-1,0,-1,0,0,0,-1,0,0,-1,-1,0,1,-1,1,-1,-1,0,1,-1,1,0,1,0,0,0,0,-1,-1,0,-1,1,1,-1,0,0,0,0,1,1,0,-1,0,0,0,0,1,1,-1,1,-1,-1,0,1,0,-1,0,0,0,0,0,1,-1,-1,-1,0,0,-1,-1,-1,-1,0,0,-1,1,0,0,1,0,1,0,0,1,-1,0,-1,0,0,-1,1,1,-1,-1,0,0,-1,0,0,-1,-1,0,0,-1,-1,0,0,1,-1,0,-1,0,0,0,-1,0,0,0,1,-1,-1,-1,0
-11,3/2/2025 12:00:00,0,1,1,1,0,0,0,0,1,0,1,0,1,0,0,0,0,1,1,0,1,1,1,1,1,0,1,1,1,0,1,0,0,1,0,0,1,1,0,1,1,1,1,0,0,1,1,0,0,1,0,0,0,0,1,1,1,1,0,1,1,1,0,1,0,0,1,0,1,0,0,1,0,1,1,0,1,0,1,1,0,0,1,0,0,0,0,1,1,0,1,1,0,1,1,0,0,1,1,1,1,1,0,0,1,0,0,0,1,1,0,1,0,0,0,1,1,1,1,0,1,0,1,1,1,0,1,0,0,0,0
-12,3/2/2025 12:00:00,0,-1,0,-1,0,0,0,-1,0,-1,1,1,-1,-1,0,0,0,1,1,0,0,0,0,-1,-1,-1,-1,0,0,1,0,1,1,-1,-1,0,0,-1,0,-1,1,1,0,0,-1,0,-1,1,-1,0,0,1,1,0,-1,0,0,0,-1,0,1,-1,-1,0,-1,0,-1,1,0,0,0,0,-1,-1,1,-1,0,-1,0,0,0,-1,0,0,0,1,0,1,-1,-1,0,1,0,-1,0,-1,0,-1,-1,1,1,1,0,1,0,0,1,1,0,-1,0,0,1,1,0,1,1,0,0,0,0,-1,0,0,1,1,0,0,1,-1,0
-13,3/2/2025 12:00:00,0,0,1,1,0,1,-1,0,0,0,1,0,0,0,1,1,1,1,0,0,-1,0,1,1,1,0,-1,0,0,1,1,1,0,1,0,0,0,-1,1,-1,1,0,1,0,0,0,1,0,1,1,1,1,0,1,1,0,-1,0,0,0,1,0,1,-1,0,1,1,0,0,0,1,0,1,-1,1,1,1,0,1,0,0,0,0,1,-1,0,0,1,0,1,0,1,1,0,0,0,1,1,-1,-1,1,1,0,0,0,-1,1,0,1,0,0,1,0,1,1,0,-1,-1,0,0,0,1,0,0,1,0,-1,0,-1,1,0
-14,3/2/2025 12:00:00,0,1,0,1,0,1,0,0,0,1,1,0,1,0,1,0,0,-1,1,0,0,1,-1,-1,0,-1,-1,0,1,0,1,0,1,1,0,0,1,-1,-1,1,0,0,1,1,-1,0,0,1,0,0,1,1,0,0,0,1,-1,0,-1,-1,1,1,1,0,0,0,0,1,0,-1,0,1,0,1,0,-1,0,0,-1,0,-1,-1,1,1,1,0,0,0,1,0,0,0,0,1,-1,0,-1,-1,1,1,1,1,0,-1,1,1,0,1,0,0,0,0,1,0,1,0,1,1,0,0,0,0,0,1,1,1,0,1,1,0,0
-15,3/2/2025 12:00:00,1,1,0,1,0,0,1,0,0,0,1,1,0,-1,0,0,1,1,0,1,0,0,0,1,1,-1,1,1,0,1,1,1,0,0,1,0,0,0,1,-1,1,1,0,1,0,1,0,1,0,0,1,0,0,0,-1,-1,1,1,0,0,1,1,0,0,-1,-1,0,1,-1,0,0,-1,0,-1,0,0,1,0,1,-1,0,1,0,0,1,0,1,0,1,-1,0,0,1,1,0,0,-1,-1,1,1,-1,1,0,1,1,0,1,0,0,0,0,1,-1,1,1,1,0,0,0,0,0,0,0,0,0,1,1,1,0,1,1
-16,3/2/2025 12:00:00,0,1,-1,1,0,0,1,0,0,0,1,1,0,-1,0,0,1,0,0,0,0,-1,1,-1,0,1,1,-1,0,1,1,0,0,1,0,0,-1,1,-1,1,0,1,0,-1,1,0,0,0,-1,1,0,0,0,1,0,-1,1,1,0,0,1,0,1,-1,0,1,0,1,0,1,1,0,1,0,0,-1,1,0,0,1,0,1,-1,0,1,0,0,-1,0,0,1,-1,0,1,-1,0,0,1,1,-1,-1,1,0,0,1,-1,1,0,1,0,0,0,0,0,-1,0,-1,1,1,0,0,1,0,0,1,1,0,1,0,1,0
-17,3/2/2025 12:00:00,0,1,0,1,0,1,1,0,1,0,0,0,1,1,0,0,1,1,0,0,1,0,1,-1,1,0,1,1,0,1,0,0,0,1,1,1,0,1,0,1,0,1,0,0,0,1,0,1,-1,0,1,0,1,0,0,1,-1,0,1,1,1,1,0,0,1,0,-1,1,1,0,0,0,1,0,0,1,1,0,0,1,0,1,0,1,1,0,1,0,0,0,1,0,0,0,1,1,1,1,1,1,1,1,1,0,0,0,0,1,0,0,1,1,0,1,0,0,0,1,1,1,1,0,1,0,1,0,1,0,0,1,0
-18,3/2/2025 12:00:00,0,0,1,1,0,1,0,1,0,0,1,0,1,-1,1,0,1,1,0,0,0,0,-1,1,-1,1,0,1,0,1,1,0,0,1,0,-1,-1,1,0,1,0,1,-1,0,0,1,0,1,0,0,1,1,0,1,1,0,0,-1,0,1,1,1,1,0,0,0,1,0,0,1,1,0,-1,0,-1,0,0,0,0,1,-1,-1,-1,0,0,1,0,0,1,-1,0,1,-1,0,0,0,-1,1,1,-1,1,-1,-1,0,0,-1,0,0,-1,-1,0,0,1,1,1,0,0,1,0,0,1,0,1,0,0,0,0,0,1,1,1
-19,3/2/2025 12:00:00,1,0,0,1,0,0,0,1,1,0,1,0,0,-1,1,0,0,1,1,0,1,0,-1,1,1,0,-1,0,0,0,1,1,1,1,0,-1,1,0,1,-1,0,0,1,-1,1,-1,0,0,0,0,1,1,1,0,1,0,0,1,0,1,0,-1,1,1,0,0,0,0,0,-1,1,1,1,0,0,0,1,0,1,1,0,1,-1,0,-1,1,0,1,0,0,0,1,0,1,0,-1,0,1,-1,-1,1,1,1,1,1,0,0,0,0,1,0,0,0,0,1,0,-1,0,-1,1,1,0,0,1,0,1,0,1,-1,0,0
-20,3/2/2025 12:00:00,0,0,0,1,1,1,0,0,1,0,1,1,0,1,1,0,0,1,0,0,0,1,-1,1,1,0,1,1,0,0,0,1,-1,1,0,0,1,0,1,1,1,1,0,0,1,1,0,0,0,1,1,0,0,1,0,1,0,1,1,0,0,1,1,0,1,1,1,0,0,1,0,0,1,-1,1,0,1,1,1,0,0,0,0,1,1,0,0,1,0,1,0,0,-1,0,1,0,-1,1,1,-1,1,1,1,0,0,0,1,1,0,1,0,0,0,0,1,0,-1,0,-1,-1,0,1,0,1,1,0,1,0,1,0,0
-21,3/2/2025 12:00:00,1,0,0,1,0,1,1,0,1,0,0,0,0,-1,0,0,1,1,0,1,0,1,1,0,1,1,1,1,0,1,0,0,1,1,1,1,1,0,0,1,0,0,0,0,1,0,1,1,0,1,1,1,0,1,1,0,0,1,0,1,0,0,1,1,1,0,0,0,1,1,0,0,1,1,1,0,0,1,0,1,1,0,0,0,0,0,0,1,1,1,0,1,1,0,1,0,0,1,1,1,1,-1,1,1,0,0,0,0,0,0,0,1,1,0,0,0,1,0,1,1,0,1,0,0,0,0,1,1,1,1,0
-22,3/2/2025 12:00:00,0,1,1,1,0,0,0,1,1,0,0,0,0,-1,1,0,1,0,0,1,0,1,0,-1,1,-1,1,0,1,1,1,0,1,0,0,1,1,0,1,0,1,1,0,0,0,0,1,1,1,1,0,1,1,0,0,0,-1,1,0,0,0,1,1,1,1,0,1,0,0,1,1,0,-1,0,-1,-1,0,1,0,1,0,0,0,1,0,0,0,1,1,0,1,1,0,0,1,0,-1,1,1,-1,1,1,1,0,1,0,1,0,0,-1,0,0,0,1,0,1,-1,0,-1,0,0,1,1,1,0,0,0,1,0,1,0
-23,3/2/2025 12:00:00,-1,0,0,0,-1,0,0,-1,1,0,-1,0,1,0,-1,0,1,0,0,1,-1,0,-1,-1,-1,0,-1,0,0,1,-1,-1,0,-1,0,1,-1,1,-1,0,0,1,1,1,0,1,0,0,0,1,0,1,1,1,0,-1,0,0,0,0,0,1,0,1,1,1,-1,0,-1,0,-1,0,0,-1,1,1,0,0,0,-1,1,0,-1,-1,-1,0,0,0,-1,0,0,1,1,0,1,0,0,-1,-1,1,-1,-1,-1,0,1,0,0,0,-1,1,0,0,1,0,1,0,1,1,0,0,0,0,-1,-1,-1,0,0,-1,-1,0,0
-24,3/2/2025 12:00:00,1,0,1,0,0,1,0,0,1,0,1,1,1,1,0,1,0,0,1,0,0,0,0,1,1,1,1,1,1,0,1,0,1,0,0,1,1,1,0,1,0,1,0,0,0,1,1,1,0,1,0,0,1,1,1,0,1,0,0,0,1,1,1,0,1,0,1,1,0,0,1,1,0,0,1,0,1,0,0,0,1,1,1,0,0,0,1,1,1,0,0,1,1,1,0,0,0,1,1,-1,1,1,1,0,0,0,1,0,1,0,0,1,0,0,1,1,1,1,0,0,0,0,0,1,1,0,0,1,1,0,1
-25,3/2/2025 12:00:00,0,0,-1,0,1,0,-1,0,1,1,0,0,0,0,1,1,1,1,0,0,0,1,1,-1,-1,0,1,1,1,0,1,0,-1,0,0,1,0,1,0,1,-1,1,1,1,0,0,1,0,0,1,0,1,1,0,1,-1,0,0,0,1,0,0,1,-1,-1,0,1,1,0,0,1,1,0,0,1,0,0,1,1,1,0,0,0,0,0,0,1,0,1,1,1,0,-1,1,1,0,0,1,1,1,1,1,0,-1,0,0,0,0,-1,-1,1,0,1,1,1,0,0,1,0,0,0,0,1,1,1,1,0,0,1,0,0
-26,3/2/2025 12:00:00,1,0,0,0,0,1,1,0,-1,1,0,-1,1,-1,0,0,0,0,1,1,0,0,1,1,1,-1,0,0,0,1,0,1,1,1,0,-1,0,1,-1,1,0,0,-1,1,0,1,0,0,0,1,1,0,0,1,-1,1,0,0,1,0,0,-1,0,-1,1,0,0,1,-1,0,0,0,-1,-1,1,0,0,1,-1,0,0,-1,0,1,0,1,0,1,0,0,1,1,-1,0,0,-1,0,1,1,-1,1,1,0,0,1,0,0,1,0,1,0,-1,0,0,-1,-1,0,-1,0,-1,0,0,1,-1,0,0,0,0,1,1,1
-27,3/2/2025 12:00:00,1,1,0,0,1,0,1,0,1,0,0,1,1,-1,0,0,0,0,1,0,1,0,1,0,1,-1,1,0,0,1,1,1,0,0,1,0,1,1,0,0,1,0,-1,1,1,0,0,0,-1,0,-1,0,1,0,0,1,1,0,0,1,0,1,0,1,1,0,1,0,-1,1,0,0,0,1,0,0,0,-1,1,-1,-1,0,0,1,1,0,0,0,0,-1,1,1,1,0,0,0,1,1,-1,1,1,-1,0,1,0,1,0,0,0,1,0,1,1,1,0,0,0,0,1,1,0,1,1,0,0,1,0,1,0,1,0
-28,3/2/2025 12:00:00,1,0,0,-1,1,0,0,-1,0,0,1,0,0,0,0,0,-1,1,0,1,1,1,-1,-1,-1,-1,0,0,1,1,1,1,0,0,1,0,0,-1,0,1,-1,1,0,1,0,1,-1,1,0,0,0,1,0,0,-1,0,-1,-1,0,0,1,1,1,-1,0,0,-1,0,-1,0,0,0,-1,0,0,-1,0,0,-1,0,-1,-1,0,0,-1,0,1,1,0,-1,0,1,0,0,0,1,0,1,-1,-1,1,1,0,0,0,1,0,-1,0,0,1,-1,0,0,-1,1,0,0,-1,1,0,1,0,0,0,1,1,1,0,0,1
-29,3/2/2025 12:00:00,1,0,0,0,-1,1,0,1,0,1,0,0,0,1,0,0,0,1,1,1,0,1,1,1,1,1,0,1,0,0,1,1,0,1,1,1,0,0,0,1,1,0,1,1,0,1,0,0,1,0,1,1,0,0,0,1,1,1,0,1,0,0,1,0,1,1,1,0,1,0,0,1,0,1,0,1,0,1,1,1,0,0,1,0,1,0,0,0,1,1,0,0,0,0,1,1,1,1,-1,1,1,1,0,1,0,0,1,1,0,1,0,0,0,1,0,1,0,0,1,1,0,0,1,0,0,1,0,0,1,1,1
-30,3/2/2025 12:00:00,0,1,0,1,0,0,0,0,1,1,1,0,1,0,0,1,1,0,1,0,0,1,0,1,-1,1,1,0,1,0,1,0,1,1,0,0,1,1,0,1,1,0,0,1,0,1,1,0,1,0,1,1,0,1,1,0,0,0,1,0,1,-1,-1,0,0,1,-1,1,0,0,-1,0,-1,0,0,-1,0,0,-1,1,1,0,0,1,0,0,0,1,1,1,0,0,0,1,1,1,0,-1,1,1,1,1,0,-1,0,-1,0,-1,-1,0,0,0,-1,-1,0,0,0,0,-1,-1,0,-1,0,-1,1,1,0,-1,0,0,0
-31,3/2/2025 12:00:00,0,0,0,1,0,1,1,0,0,-1,1,0,1,-1,1,0,-1,0,1,0,0,0,0,-1,-1,1,-1,-1,0,0,0,1,1,1,1,1,0,-1,0,0,-1,0,0,1,0,1,0,1,0,1,1,-1,0,0,0,1,-1,0,1,1,0,0,-1,-1,-1,0,-1,1,0,-1,1,0,0,0,0,-1,0,1,-1,0,1,0,1,0,0,0,0,1,-1,0,1,1,-1,0,0,0,-1,-1,1,1,1,1,0,0,-1,0,0,1,-1,0,0,-1,-1,0,0,-1,-1,0,0,-1,-1,0,0,0,0,1,-1,1,1,0,0
-32,3/2/2025 12:00:00,0,0,1,0,1,0,1,0,1,1,0,0,0,-1,0,1,0,0,1,0,1,1,0,1,1,-1,1,1,0,0,1,1,1,0,0,1,0,0,1,1,1,0,1,1,0,0,0,0,-1,1,1,0,1,1,1,0,0,0,1,1,1,0,1,1,0,0,0,0,-1,1,0,0,1,1,0,0,1,1,1,0,-1,0,0,0,0,1,0,1,0,1,1,1,0,0,1,0,1,1,1,-1,1,-1,1,0,0,1,0,0,1,0,0,1,1,1,0,1,0,0,-1,0,1,1,0,0,1,1,1,0,0,0,0
-33,3/2/2025 12:00:00,-1,1,0,0,1,0,0,0,1,1,0,-1,1,0,0,1,-1,-1,0,0,0,0,1,-1,1,-1,0,0,-1,0,0,-1,1,1,0,1,0,-1,0,1,1,0,1,1,0,0,0,0,1,1,1,0,-1,0,0,-1,-1,1,0,0,0,1,1,-1,0,-1,0,1,1,1,0,0,1,0,1,0,0,1,0,0,1,1,1,1,0,0,1,0,1,0,0,1,-1,0,0,-1,0,1,1,1,1,1,-1,0,1,-1,0,1,0,0,0,0,-1,0,1,0,0,1,0,1,0,0,1,-1,-1,0,-1,0,0,0,-1
-34,3/2/2025 12:00:00,0,1,1,0,0,0,0,1,1,0,-1,-1,0,1,-1,0,-1,0,0,1,0,0,1,0,1,1,1,1,-1,0,1,0,0,1,1,0,0,0,-1,-1,-1,0,1,1,-1,0,1,1,0,0,0,-1,0,1,-1,0,-1,0,0,0,0,-1,1,-1,1,0,1,1,0,0,0,-1,-1,0,1,0,0,1,1,0,0,1,1,0,0,1,1,0,1,0,0,0,0,-1,1,0,1,1,1,1,1,1,-1,1,0,0,0,0,0,-1,-1,0,-1,1,0,-1,1,0,0,0,-1,0,1,-1,-1,0,0,0,0,0,-1
-35,3/2/2025 12:00:00,0,0,1,0,1,0,0,1,0,1,1,0,1,-1,1,0,0,1,0,0,0,1,1,0,-1,1,1,1,1,0,0,0,1,1,0,1,0,-1,0,1,1,1,1,1,1,1,0,0,0,0,0,0,1,0,1,0,1,1,0,1,0,1,1,-1,0,0,0,0,-1,0,1,-1,0,1,0,-1,1,0,-1,0,-1,0,0,0,1,0,0,1,1,0,1,0,0,-1,1,0,1,1,1,1,1,1,0,1,0,0,-1,-1,-1,0,0,0,0,1,0,1,0,1,1,0,0,1,0,0,1,0,0,1,1,-1,0
-36,3/2/2025 12:00:00,1,0,1,0,1,0,0,0,1,1,0,0,0,0,0,0,0,0,0,0,0,0,1,-1,1,1,0,0,-1,1,0,1,1,0,0,1,1,1,0,0,1,0,1,0,1,0,0,0,1,1,1,0,1,0,1,-1,1,0,0,1,0,0,0,1,1,1,1,0,0,1,0,1,-1,0,0,1,1,1,1,0,0,0,0,0,1,1,0,1,0,0,1,0,-1,0,0,1,-1,1,1,1,1,1,0,-1,1,0,0,0,1,0,0,-1,0,1,-1,-1,1,0,0,0,1,0,0,-1,0,0,1,0,1,-1,0
-37,3/2/2025 12:00:00,1,-1,0,0,0,0,1,0,0,-1,-1,0,1,0,0,0,-1,0,0,-1,1,1,0,1,1,1,-1,1,0,0,0,-1,1,1,0,0,1,1,0,-1,-1,0,0,1,0,1,1,-1,0,0,-1,0,0,-1,0,1,-1,0,-1,0,1,1,1,0,0,1,0,1,1,0,0,-1,1,0,1,-1,1,0,0,0,0,-1,1,0,1,1,0,0,0,0,1,1,0,0,1,1,0,-1,-1,1,1,1,1,1,0,0,1,0,0,0,0,1,1,0,1,0,0,0,-1,1,0,1,0,-1,1,0,1,1,0,0,0
-38,3/2/2025 12:00:00,0,1,0,1,0,0,0,1,0,1,1,1,1,0,0,1,0,0,1,0,0,1,1,-1,0,-1,1,1,0,1,1,0,1,0,1,0,1,0,0,1,-1,1,1,1,0,0,1,0,1,0,0,1,-1,1,0,1,0,0,0,0,-1,1,0,-1,-1,0,-1,0,0,1,-1,-1,0,0,0,1,0,1,0,-1,1,0,0,0,0,0,1,1,0,-1,1,1,0,0,-1,1,0,1,-1,1,1,1,0,0,0,1,0,0,-1,1,0,1,1,1,0,0,0,1,0,1,0,1,0,0,0,-1,1,0,1,-1,0
-39,3/2/2025 12:00:00,0,0,-1,1,1,0,0,-1,1,0,0,0,0,-1,-1,-1,0,-1,0,0,1,0,1,-1,-1,1,0,1,0,0,0,-1,1,1,0,0,1,-1,0,1,-1,0,0,-1,0,-1,0,0,-1,-1,1,0,0,1,-1,1,-1,0,0,-1,-1,-1,0,0,0,-1,-1,0,0,-1,0,-1,-1,0,1,1,0,0,1,-1,0,0,0,1,0,0,1,1,0,1,0,1,0,0,1,-1,0,-1,1,1,1,1,0,0,1,-1,-1,0,0,0,-1,0,-1,0,1,-1,-1,0,0,0,0,-1,1,0,1,0,1,-1,0,0,0
-40,3/2/2025 12:00:00,0,0,0,1,1,0,0,1,0,1,1,1,0,0,0,1,0,1,1,1,0,0,1,1,0,1,1,1,1,1,0,0,1,0,1,1,1,0,1,0,0,1,1,0,0,1,0,1,1,0,0,0,0,1,0,1,1,0,1,1,1,1,0,1,0,0,0,1,1,0,1,0,0,1,1,0,0,1,0,1,1,0,1,0,0,0,1,0,1,0,1,1,0,0,1,1,0,1,1,1,1,1,1,1,0,1,0,0,0,1,0,0,1,0,1,0,0,1,1,0,1,0,0,0,1,1,0,0,0,1,1
-41,3/2/2025 12:00:00,0,1,1,1,0,0,0,-1,0,0,1,1,0,0,1,0,0,1,-1,0,1,0,0,-1,-1,-1,1,1,1,0,0,1,-1,0,-1,1,1,-1,0,0,0,0,1,1,0,1,0,0,1,1,0,0,1,0,0,1,-1,1,0,-1,-1,0,0,0,1,-1,0,1,-1,-1,0,0,-1,0,0,0,0,1,0,1,-1,1,1,0,0,1,0,1,1,0,0,1,-1,0,0,1,0,-1,1,1,1,-1,0,1,1,0,-1,0,0,-1,0,0,1,1,1,0,0,0,0,1,0,0,0,0,0,0,1,1,1,-1,1
-42,3/2/2025 12:00:00,0,1,1,0,0,0,1,1,-1,0,0,1,0,0,0,-1,1,0,-1,1,0,0,0,1,-1,1,1,1,1,0,0,-1,1,0,0,0,0,1,1,-1,1,0,0,1,1,0,1,1,0,1,0,1,1,0,0,0,0,1,1,0,-1,0,-1,0,-1,1,-1,0,-1,0,0,-1,-1,0,0,-1,1,1,0,0,0,1,0,1,1,0,1,0,0,0,1,0,0,-1,0,1,-1,1,1,-1,1,1,0,0,1,-1,-1,0,0,0,0,-1,0,1,-1,0,0,-1,0,1,0,1,0,1,0,1,1,1,0,0,0
-43,3/2/2025 12:00:00,0,1,1,0,1,0,0,-1,0,1,0,1,0,0,0,1,0,1,1,0,1,0,1,1,-1,0,1,1,1,0,1,1,0,0,1,0,1,1,0,0,1,1,1,0,0,1,1,1,0,0,0,1,0,1,1,0,0,1,0,0,1,0,0,1,-1,1,0,1,-1,0,1,1,0,0,1,1,1,1,0,0,0,0,1,0,1,0,1,0,1,0,0,1,-1,1,0,0,0,-1,1,1,1,1,0,0,0,1,0,0,1,-1,0,1,1,1,0,1,0,0,0,1,0,0,0,1,0,1,1,0,0,1,1
-44,3/2/2025 12:00:00,1,1,0,0,0,1,1,0,0,0,1,0,1,-1,0,0,0,1,1,0,0,1,-1,-1,-1,-1,0,0,1,0,1,1,-1,0,1,-1,0,0,-1,0,-1,1,0,0,0,0,1,0,-1,1,-1,0,1,0,1,0,1,1,0,1,0,-1,0,-1,0,-1,0,0,-1,-1,0,1,0,1,1,0,0,1,1,0,-1,0,0,1,1,0,1,1,0,0,0,1,-1,0,0,0,-1,-1,1,-1,1,1,0,0,0,-1,0,-1,0,1,0,1,1,0,-1,1,-1,0,0,0,0,0,-1,0,1,1,0,0,-1,0,1
-45,3/2/2025 12:00:00,1,0,-1,0,0,0,0,-1,0,-1,1,0,0,1,1,0,1,1,0,1,0,0,1,-1,1,0,1,0,1,1,-1,0,1,0,0,0,0,1,-1,1,-1,1,0,1,0,1,1,1,0,0,0,1,1,0,0,1,1,0,0,0,-1,0,1,1,0,-1,0,0,0,1,1,0,1,1,1,1,0,1,1,0,0,0,0,1,1,0,1,0,1,0,0,0,1,0,1,0,1,1,-1,1,1,1,1,0,1,0,0,1,0,0,0,-1,0,0,1,1,1,0,-1,0,0,0,1,0,0,1,1,0,1,1,0
-46,3/2/2025 12:00:00,1,1,0,0,0,0,1,-1,0,1,0,1,0,0,1,1,0,0,0,1,0,1,1,0,1,1,1,0,1,1,-1,0,1,0,1,1,0,1,0,1,0,0,1,1,1,0,0,1,1,0,0,1,1,0,0,1,0,1,0,1,1,1,0,1,0,0,1,0,0,1,1,0,0,1,0,0,0,1,1,1,1,0,1,0,1,0,1,0,1,0,0,1,0,1,0,1,0,-1,-1,1,1,1,0,0,0,-1,0,1,1,0,0,1,-1,0,0,1,1,0,0,-1,0,0,1,1,-1,0,0,0,-1,1,0
-47,3/2/2025 12:00:00,0,0,0,1,1,-1,0,0,1,1,0,0,0,0,0,1,1,0,1,0,1,1,1,-1,1,1,0,1,1,0,-1,0,1,0,0,1,1,1,-1,0,0,1,1,0,0,1,1,0,0,0,1,1,1,1,0,0,0,0,1,0,0,1,1,1,1,0,0,1,0,0,0,1,1,1,0,1,0,1,1,1,0,0,1,1,0,1,1,0,0,0,0,1,0,1,0,0,1,-1,-1,1,1,1,1,0,0,0,0,1,0,1,1,0,-1,1,0,1,0,1,0,0,0,0,1,1,-1,0,0,1,1,0,0
-48,3/2/2025 12:00:00,1,1,-1,1,0,0,0,0,0,0,1,0,0,0,1,1,1,0,0,1,0,1,0,-1,1,1,1,1,1,0,0,0,1,1,1,0,1,0,-1,1,0,1,0,1,1,0,1,0,0,1,0,1,0,1,0,1,1,0,0,0,1,0,1,1,1,0,0,0,1,1,1,0,1,0,0,1,1,1,0,0,0,1,0,1,0,0,0,0,1,1,1,0,1,1,0,0,1,-1,-1,1,-1,1,0,0,0,-1,1,1,0,0,-1,0,-1,0,1,1,0,1,0,0,0,0,0,1,-1,1,0,0,1,1,0
-49,3/2/2025 12:00:00,1,0,0,1,0,0,1,0,0,-1,1,1,1,0,1,0,1,0,0,1,0,0,1,0,1,1,1,1,1,0,0,0,1,1,1,1,0,0,-1,1,0,1,0,1,1,1,1,0,0,0,0,1,1,0,0,0,1,0,1,1,1,1,0,0,1,0,1,1,0,0,1,-1,0,0,1,0,0,1,0,1,0,1,1,0,1,0,1,0,0,1,0,0,0,1,1,0,1,-1,-1,1,1,1,0,1,-1,0,0,0,1,0,-1,0,-1,0,1,1,1,0,0,0,0,0,1,0,0,1,1,0,1,1,0
-50,3/2/2025 12:00:00,0,0,1,1,0,-1,0,0,0,1,1,0,1,0,1,0,1,0,1,0,0,1,1,-1,1,0,1,1,0,1,0,0,1,1,0,0,1,1,-1,1,0,0,1,0,1,1,0,0,0,1,1,1,1,0,0,1,0,0,1,1,0,0,1,0,1,1,0,1,0,0,0,1,1,1,1,0,0,1,1,0,0,1,0,0,1,0,1,0,1,1,0,1,0,0,1,0,1,-1,-1,1,1,1,0,1,0,1,1,0,0,0,0,-1,0,1,-1,0,0,0,-1,1,1,1,0,0,0,0,1,1,1,0,0
-51,3/2/2025 12:00:00,0,-1,0,0,1,1,0,0,1,0,1,0,1,0,0,0,-1,0,1,1,0,1,1,1,0,-1,1,1,1,0,1,-1,0,0,1,1,1,0,0,-1,0,0,0,1,0,0,1,0,-1,1,1,0,1,0,0,1,1,0,1,0,1,0,1,1,0,0,1,0,0,1,1,0,1,0,0,0,1,0,0,-1,1,1,1,1,0,1,0,0,0,1,0,0,1,-1,0,-1,0,1,-1,1,1,1,0,1,1,0,0,-1,0,0,-1,0,-1,0,1,0,0,1,0,1,0,0,0,-1,0,-1,0,1,1,1,0
-52,3/2/2025 12:00:00,0,1,0,1,0,0,1,1,0,-1,0,1,0,0,0,0,1,0,1,1,0,1,-1,0,1,1,1,0,1,1,1,0,1,0,0,1,-1,1,0,0,1,0,0,1,0,1,1,0,0,1,1,1,0,1,0,1,1,0,0,1,1,0,0,1,1,0,0,0,0,1,0,1,-1,1,1,1,1,1,0,0,0,0,0,1,0,1,0,0,1,1,0,1,0,1,1,0,0,1,1,1,1,1,-1,0,0,0,0,0,1,0,1,1,0,0,1,1,1,0,1,0,0,1,0,-1,1,0,0,0,1,1,0
-53,3/2/2025 12:00:00,1,0,1,0,0,0,1,1,0,1,0,1,0,0,0,0,-1,1,0,1,1,0,-1,0,1,1,1,0,1,1,1,0,0,1,0,0,-1,0,1,1,1,1,0,0,0,-1,0,0,-1,1,1,1,1,1,0,0,0,1,0,1,1,-1,0,1,0,0,0,0,0,0,1,1,1,1,0,0,0,0,1,1,1,1,1,0,1,0,0,1,0,1,0,1,0,1,0,0,-1,1,-1,1,1,1,0,0,0,-1,0,0,1,-1,1,0,0,0,1,1,-1,-1,0,0,0,0,0,0,1,1,1,1,0,1,0
-54,3/2/2025 12:00:00,-1,1,0,-1,0,0,1,-1,0,0,0,-1,0,0,-1,0,-1,-1,0,0,0,1,-1,-1,-1,-1,0,1,-1,0,1,0,1,0,1,1,-1,0,0,-1,0,1,0,0,0,-1,1,-1,1,0,0,1,0,0,-1,0,0,1,1,0,1,1,1,0,-1,0,0,1,-1,0,0,-1,1,0,0,1,-1,0,0,-1,1,0,0,1,0,0,0,1,1,0,-1,0,1,1,1,0,0,-1,1,1,-1,1,0,0,1,1,0,0,-1,0,1,0,0,0,1,-1,1,1,0,0,0,-1,0,0,1,-1,1,0,1,0,0
-55,3/2/2025 12:00:00,1,0,1,1,0,1,0,-1,0,0,0,0,0,-1,0,1,-1,0,0,1,1,0,-1,-1,-1,0,1,1,0,0,0,1,1,-1,0,1,1,0,0,1,1,0,-1,1,0,0,0,0,-1,1,-1,0,0,1,0,1,0,1,1,1,0,0,0,-1,1,-1,-1,1,0,0,1,0,1,0,0,0,1,0,0,1,-1,-1,1,1,0,1,0,0,0,-1,0,1,0,1,0,1,0,-1,1,-1,1,1,1,0,-1,0,-1,0,0,1,0,0,-1,-1,-1,0,0,0,0,1,0,0,0,1,1,-1,0,0,-1,0,1
-56,3/2/2025 12:00:00,0,0,0,-1,0,1,-1,1,0,0,1,0,1,1,0,0,1,0,0,-1,1,0,1,1,-1,0,1,0,0,1,1,0,1,1,0,1,-1,0,0,1,-1,0,-1,0,1,0,1,1,0,-1,0,1,0,0,0,1,1,0,-1,1,0,0,1,0,1,-1,0,0,-1,0,1,-1,1,0,0,0,1,0,0,-1,1,1,1,0,0,0,0,1,1,0,1,1,1,0,0,1,0,-1,1,-1,1,1,0,1,1,0,0,0,0,-1,0,1,-1,0,0,1,1,1,0,0,0,-1,0,1,0,0,-1,-1,0,-1,0
-57,3/2/2025 12:00:00,1,0,1,0,1,0,0,1,0,0,1,1,0,0,0,0,1,0,0,1,1,1,1,0,-1,1,1,1,0,1,1,0,-1,0,1,1,1,1,0,0,0,0,0,1,1,1,0,0,-1,0,1,0,0,0,0,1,-1,1,1,0,1,1,0,-1,0,-1,0,0,-1,1,1,0,-1,0,0,0,0,1,0,1,1,1,0,0,0,1,1,0,1,0,1,1,0,1,0,1,0,1,1,-1,1,1,1,1,0,1,0,0,1,0,0,0,-1,0,0,0,-1,0,-1,-1,1,1,0,0,0,0,0,1,0,1,1
-58,3/2/2025 12:00:00,0,0,0,0,1,-1,1,0,1,1,0,1,0,0,0,0,-1,0,-1,0,1,1,1,-1,-1,0,-1,0,0,1,1,1,1,0,1,1,1,0,0,0,-1,0,1,1,0,0,-1,0,0,1,-1,1,0,1,0,1,0,0,1,0,1,1,1,0,0,1,0,1,0,-1,0,-1,0,1,-1,0,1,-1,0,0,0,1,1,1,1,0,0,0,0,0,1,0,0,1,1,0,-1,1,-1,1,-1,1,0,1,1,-1,1,0,0,0,0,0,0,0,1,0,1,1,-1,0,1,-1,1,1,0,-1,0,0,0,0,0
-59,3/2/2025 12:00:00,0,1,1,-1,0,0,0,0,-1,-1,0,0,1,-1,0,0,0,-1,0,1,1,0,0,-1,-1,-1,-1,0,-1,0,1,-1,0,-1,-1,-1,0,0,0,1,-1,-1,-1,0,0,-1,0,-1,0,1,0,0,0,0,-1,1,-1,-1,0,-1,1,0,0,-1,0,-1,0,0,-1,0,-1,-1,0,0,0,-1,-1,-1,-1,0,0,0,0,1,0,0,0,-1,-1,0,-1,-1,-1,-1,0,0,0,1,1,-1,-1,-1,0,0,0,-1,-1,-1,0,0,0,1,0,1,-1,1,0,-1,0,0,0,0,1,-1,0,0,0,0,-1,1,1
-60,3/2/2025 12:00:00,0,1,1,1,1,0,1,0,0,0,0,0,0,1,1,0,0,1,1,1,0,0,1,0,1,1,1,1,1,0,0,1,0,1,0,1,1,0,0,1,1,1,0,0,-1,-1,0,0,1,1,0,0,0,1,1,1,1,0,0,1,0,-1,1,0,1,0,0,1,-1,0,1,0,0,-1,1,0,1,0,-1,0,1,0,0,1,1,0,0,1,1,0,0,1,0,1,0,1,0,1,1,1,1,1,0,1,0,-1,0,0,-1,0,0,1,1,1,0,0,0,1,0,1,0,0,1,1,0,1,1,0,0,0,1
-61,3/2/2025 12:00:00,1,0,1,-1,0,0,0,-1,0,1,0,0,1,0,0,-1,-1,0,1,1,0,0,-1,-1,-1,-1,0,1,-1,-1,0,-1,0,0,1,-1,0,-1,0,-1,0,1,0,1,0,0,-1,1,-1,0,0,0,0,1,1,1,0,0,1,0,1,0,1,0,1,1,0,1,0,1,0,-1,0,1,0,0,1,-1,0,1,-1,0,0,0,-1,0,1,0,-1,0,1,0,0,1,0,-1,-1,-1,-1,-1,-1,-1,0,1,-1,0,0,0,0,-1,-1,0,0,1,0,0,0,1,0,1,1,1,1,0,0,-1,0,0,0,0,-1
-62,3/2/2025 12:00:00,0,-1,-1,0,-1,0,0,0,1,-1,0,0,1,1,0,1,1,1,0,0,0,0,-1,1,1,0,1,1,0,0,0,1,1,1,0,-1,-1,0,-1,-1,0,1,1,1,0,0,0,0,1,0,1,1,1,1,0,-1,0,0,0,0,1,-1,0,0,-1,1,1,0,0,1,0,1,1,0,1,0,1,0,1,0,1,0,0,0,0,1,0,1,1,0,-1,0,1,1,0,1,0,1,1,1,1,1,0,1,0,0,0,-1,-1,0,0,1,0,0,1,1,-1,0,-1,0,0,1,0,0,0,1,-1,0,-1,-1,0
-63,3/2/2025 12:00:00,0,0,0,0,-1,1,0,1,1,1,0,0,1,0,1,1,0,1,0,0,0,1,-1,1,0,1,-1,0,1,0,1,0,1,1,1,0,1,1,0,1,0,1,1,1,0,0,0,0,-1,0,1,1,0,1,1,0,0,1,0,0,1,0,1,0,-1,-1,1,1,0,-1,1,0,0,0,1,-1,0,0,0,1,0,-1,0,0,1,0,1,1,0,0,1,1,0,-1,1,0,0,1,-1,-1,1,1,1,0,0,0,-1,1,1,0,0,0,0,1,0,1,1,-1,0,0,0,0,0,1,0,0,1,0,1,1,1
-64,3/2/2025 12:00:00,0,1,1,1,0,1,0,-1,0,0,0,1,0,0,1,0,0,0,1,1,0,1,0,1,1,1,1,0,0,1,0,1,1,1,1,0,1,1,1,0,0,1,0,0,1,1,0,0,1,0,1,1,0,1,1,0,0,1,0,0,1,0,1,1,-1,0,0,1,-1,1,0,-1,0,0,1,0,1,1,0,0,1,0,-1,1,0,0,1,0,0,0,1,0,0,1,1,1,0,-1,-1,-1,1,1,1,0,1,0,0,-1,0,0,0,1,1,1,0,1,0,0,-1,0,0,0,1,0,0,-1,0,1,0,1,1
-65,3/2/2025 12:00:00,-1,1,1,0,1,0,0,0,0,1,0,0,0,-1,1,-1,-1,0,0,1,0,0,-1,1,1,0,1,-1,1,1,0,0,-1,0,0,0,1,-1,0,-1,1,1,0,0,-1,0,-1,1,0,0,-1,0,1,0,-1,-1,0,0,1,0,-1,-1,1,-1,0,0,0,0,0,1,-1,1,-1,0,0,0,1,0,-1,0,-1,1,-1,-1,-1,0,0,0,1,0,0,0,-1,0,-1,0,-1,1,-1,1,-1,-1,-1,1,0,0,0,0,0,-1,1,0,-1,1,-1,0,0,0,-1,0,-1,1,0,1,-1,1,0,0,0,0,0
-66,3/2/2025 12:00:00,0,-1,1,-1,0,0,-1,0,-1,0,0,0,0,-1,0,0,0,1,1,-1,1,0,0,1,0,0,-1,0,0,1,0,1,1,-1,-1,1,0,-1,1,0,0,0,-1,0,-1,1,0,1,0,-1,0,1,0,0,0,0,-1,0,0,0,-1,-1,0,0,-1,1,0,1,0,1,0,0,-1,-1,0,-1,1,0,0,0,0,-1,0,1,0,0,0,0,1,-1,1,1,1,1,0,0,0,-1,-1,-1,1,1,0,0,0,0,1,-1,0,-1,-1,0,1,0,0,0,1,1,0,1,-1,0,0,0,0,0,-1,1,1,0,1
-67,3/2/2025 12:00:00,1,0,1,0,0,0,-1,1,0,0,-1,1,-1,0,0,-1,0,0,0,1,-1,0,-1,1,-1,0,1,1,-1,0,0,0,-1,-1,0,-1,0,-1,1,-1,0,1,-1,1,0,0,0,0,0,1,-1,1,1,0,0,-1,0,0,-1,-1,0,0,0,-1,-1,1,0,0,0,1,1,-1,0,-1,0,-1,0,0,-1,0,-1,-1,-1,0,0,0,-1,0,-1,-1,0,-1,0,0,-1,1,0,1,1,-1,-1,-1,0,1,0,0,-1,0,1,-1,0,0,1,0,1,1,0,0,0,-1,0,1,0,1,0,0,0,1,1,0,1
-68,3/2/2025 12:00:00,0,1,0,1,0,0,0,-1,0,1,-1,1,1,0,0,1,0,1,0,1,0,0,-1,-1,0,1,1,0,1,1,1,1,0,0,1,-1,-1,0,0,0,-1,1,0,-1,1,0,0,0,1,0,1,1,0,0,1,0,0,1,1,0,0,1,0,1,1,1,0,1,0,1,1,1,0,0,1,1,0,1,1,0,0,0,1,0,0,0,1,0,1,1,0,0,0,1,1,1,0,-1,-1,1,1,1,0,1,1,0,-1,0,0,0,-1,0,0,0,-1,-1,1,0,-1,0,0,0,0,0,1,0,1,1,1,1,0
-69,3/2/2025 12:00:00,0,0,0,1,1,0,-1,0,1,0,1,0,0,-1,0,1,0,1,1,0,1,0,1,-1,0,1,-1,0,1,1,0,1,1,0,0,0,-1,0,-1,-1,1,1,0,1,-1,0,1,0,1,0,0,0,1,1,-1,0,0,0,-1,0,1,0,1,-1,0,1,1,0,-1,0,1,0,0,-1,1,0,1,0,1,0,1,0,0,1,0,1,0,0,1,0,0,0,0,0,1,-1,-1,1,-1,1,1,1,0,0,1,1,1,0,-1,0,0,0,1,0,0,1,0,-1,1,0,0,1,1,0,0,1,0,1,1,0,0
-70,3/2/2025 12:00:00,0,0,0,1,1,0,1,0,1,0,1,0,0,-1,1,1,1,0,1,0,0,0,1,1,1,-1,0,0,-1,0,1,1,1,0,-1,0,-1,-1,0,0,1,1,1,1,-1,0,0,0,0,1,0,0,0,1,-1,0,0,-1,-1,0,1,-1,1,0,0,1,0,0,-1,0,1,0,-1,-1,0,-1,0,-1,-1,0,0,-1,1,1,1,1,0,0,0,0,0,1,1,0,0,-1,0,1,1,1,1,1,1,0,0,0,0,0,1,0,1,1,1,0,1,0,1,0,0,1,1,0,1,1,0,0,0,1,1,0,0
-71,3/2/2025 12:00:00,0,1,0,0,-1,0,1,0,0,1,1,1,0,-1,0,-1,-1,-1,0,0,0,0,-1,0,-1,-1,-1,1,0,0,-1,0,-1,-1,0,-1,0,-1,-1,0,-1,1,0,0,-1,-1,0,1,0,0,-1,1,1,1,-1,0,0,0,0,-1,-1,-1,0,0,-1,0,-1,-1,0,0,0,0,-1,-1,0,-1,0,0,0,0,-1,0,1,0,0,0,0,1,-1,-1,0,0,-1,-1,0,-1,0,-1,1,-1,-1,-1,0,0,0,-1,0,-1,0,1,0,0,0,1,-1,1,0,0,0,-1,0,-1,0,-1,0,0,0,0,-1,-1,1
-72,3/2/2025 12:00:00,0,0,1,-1,1,1,1,0,0,0,0,0,1,0,1,1,0,-1,-1,0,0,0,0,1,1,-1,1,1,-1,0,0,1,0,1,1,1,0,0,1,1,0,1,1,1,0,1,0,0,1,0,0,0,1,1,0,1,0,0,1,1,1,0,1,0,1,0,0,1,0,0,1,-1,0,1,0,0,0,1,1,-1,1,0,1,1,0,0,0,1,1,0,0,0,0,1,1,1,0,1,-1,1,1,-1,1,0,0,0,0,0,1,1,1,0,0,1,1,0,1,0,-1,0,1,0,1,0,0,-1,0,1,0,1,0
-73,3/2/2025 12:00:00,0,1,-1,0,0,0,1,-1,-1,0,0,-1,0,0,0,-1,0,-1,0,1,0,-1,0,1,-1,1,-1,0,0,-1,0,-1,-1,-1,-1,0,0,-1,0,-1,-1,-1,1,0,0,-1,-1,0,0,-1,0,1,1,1,1,0,0,0,0,1,1,-1,0,0,1,0,0,0,0,1,-1,-1,-1,0,-1,0,-1,0,-1,-1,0,0,0,-1,-1,0,0,0,0,-1,-1,0,0,-1,-1,0,-1,-1,-1,-1,-1,1,-1,0,0,-1,-1,0,0,-1,0,0,-1,0,0,0,1,-1,0,-1,0,1,0,0,0,0,-1,-1,-1,-1,0
-74,3/2/2025 12:00:00,0,1,1,1,1,0,0,0,1,0,0,0,1,0,0,1,0,1,0,0,1,1,0,1,1,1,1,0,1,1,1,0,1,0,1,1,0,1,0,0,1,0,1,1,0,1,1,1,0,0,0,1,0,1,0,0,1,0,1,1,0,0,1,1,0,1,0,0,1,1,1,0,0,1,0,0,0,1,0,1,1,1,1,1,1,0,0,1,0,0,0,0,1,0,0,1,1,1,1,1,1,1,1,0,0,0,0,1,0,1,1,0,0,0,1,1,1,0,0,1,0,1,1,1,1,0,0,0,1,0,0
-75,3/2/2025 12:00:00,0,-1,0,0,0,1,0,-1,1,1,0,-1,0,-1,1,0,-1,0,0,-1,0,0,0,-1,-1,-1,1,1,0,0,0,1,1,1,0,1,0,-1,0,-1,-1,1,0,1,-1,0,0,0,0,-1,-1,0,0,1,1,0,0,1,-1,1,0,-1,0,1,1,0,0,1,0,1,1,0,0,-1,0,-1,1,0,0,-1,1,0,0,1,0,1,1,0,0,0,1,0,1,-1,0,0,-1,-1,1,-1,1,-1,0,0,1,0,-1,0,1,0,0,-1,-1,0,1,0,0,1,-1,0,0,-1,0,0,0,-1,0,0,-1,1,1
-76,3/2/2025 12:00:00,0,0,1,0,0,1,1,1,0,0,1,0,0,-1,0,1,1,0,0,0,1,1,1,1,1,-1,0,1,0,1,1,0,0,1,0,0,-1,1,1,1,0,1,0,1,0,1,0,0,0,1,1,1,0,1,-1,1,0,0,0,1,1,1,0,0,-1,0,1,0,0,0,1,0,1,1,0,1,1,1,1,0,0,0,1,0,0,0,1,0,1,0,1,1,0,-1,1,0,0,1,1,1,1,1,0,0,0,1,1,0,1,0,0,1,0,0,0,1,1,1,0,1,0,0,0,0,0,1,1,1,1,1,0
-77,3/2/2025 12:00:00,0,0,1,1,0,0,0,1,1,1,0,0,0,-1,0,1,1,1,0,0,0,1,0,1,1,1,1,1,1,0,0,0,1,1,1,1,1,0,0,0,1,0,1,1,0,1,1,1,0,0,0,1,0,1,1,1,0,0,0,1,0,1,1,0,1,0,1,1,1,0,1,0,0,0,0,1,1,1,1,0,0,0,0,0,0,0,1,1,0,1,1,0,1,1,1,0,0,1,1,1,1,1,1,0,1,0,0,0,0,1,1,0,1,1,1,1,0,0,0,0,1,1,0,1,0,1,0,1,0,0,0
-78,3/2/2025 12:00:00,0,0,-1,0,1,1,0,0,0,-1,1,-1,1,0,0,-1,0,-1,0,0,-1,0,-1,-1,-1,-1,0,1,0,1,0,0,1,1,-1,0,0,-1,-1,0,1,0,-1,1,0,0,0,-1,0,-1,-1,0,1,1,0,0,0,1,1,0,-1,1,0,-1,-1,0,0,1,-1,-1,1,0,0,0,0,-1,1,0,-1,0,-1,0,-1,0,0,0,0,-1,1,1,0,1,0,0,1,0,-1,-1,-1,-1,1,1,-1,1,0,-1,0,-1,0,0,0,0,-1,0,-1,0,-1,0,0,1,-1,0,-1,0,0,0,-1,1,0,0,-1
-79,3/2/2025 12:00:00,1,-1,0,0,0,0,0,0,1,-1,1,0,0,-1,0,0,1,1,1,1,0,0,1,1,1,1,0,0,1,1,1,1,0,0,0,1,0,0,1,1,1,1,0,0,0,-1,1,0,1,0,1,0,0,1,0,1,1,0,1,1,0,0,1,0,1,1,1,0,1,1,0,1,0,0,0,1,1,0,1,0,0,1,1,1,1,0,0,1,0,0,0,1,0,0,1,0,1,1,-1,1,1,1,0,0,1,1,1,0,0,1,0,0,0,1,1,1,0,1,0,0,0,1,0,-1,1,0,0,0,0,1,1
-80,3/2/2025 12:00:00,0,-1,0,1,0,-1,0,0,0,-1,-1,-1,0,1,0,0,-1,0,-1,0,-1,0,-1,0,-1,-1,1,0,-1,0,-1,0,1,-1,0,-1,-1,-1,-1,0,0,1,1,-1,0,0,0,0,0,-1,1,1,1,0,-1,0,1,0,0,-1,0,0,1,0,1,-1,-1,0,0,-1,0,0,1,1,0,-1,0,1,0,1,0,1,0,-1,0,-1,0,0,1,-1,0,0,0,1,1,1,0,-1,-1,1,1,1,1,0,-1,-1,0,-1,0,0,0,0,1,1,0,0,0,1,1,0,1,-1,-1,0,0,1,0,0,-1,0,0
-81,3/2/2025 12:00:00,0,-1,0,0,-1,-1,0,-1,0,-1,0,0,-1,1,0,1,0,0,-1,0,0,1,-1,0,-1,-1,1,0,1,1,0,1,1,0,0,0,-1,1,-1,0,-1,-1,0,-1,1,0,0,0,-1,-1,0,-1,0,0,0,1,1,-1,0,1,0,0,0,1,-1,1,0,-1,1,1,0,-1,0,0,0,1,0,0,1,0,1,1,0,0,0,-1,-1,1,-1,0,0,-1,0,1,-1,0,0,1,-1,1,-1,1,1,0,-1,0,0,-1,1,0,0,0,0,1,0,0,0,1,1,1,0,0,-1,0,0,-1,0,-1,-1,-1,0
-82,3/2/2025 12:00:00,0,0,1,0,-1,1,0,0,0,1,-1,-1,0,0,-1,-1,-1,0,1,0,0,0,-1,1,0,-1,1,1,1,0,1,1,0,0,-1,0,-1,1,0,0,1,1,0,0,1,0,0,0,-1,1,-1,0,1,1,0,1,0,0,1,-1,-1,0,-1,-1,0,0,0,0,0,0,-1,-1,-1,-1,1,0,1,0,0,-1,0,0,0,1,0,0,1,0,-1,1,0,1,0,1,1,0,0,1,1,-1,1,-1,-1,1,0,0,0,-1,0,0,0,1,0,1,0,1,-1,0,0,1,0,0,1,1,1,0,1,0,-1,0,0
-83,3/2/2025 12:00:00,-1,0,-1,0,0,0,0,0,1,1,1,0,-1,0,1,-1,0,1,0,0,1,0,1,-1,0,1,1,0,0,1,-1,1,-1,0,1,1,0,1,0,0,-1,0,1,1,0,1,0,0,0,-1,1,1,0,1,0,0,0,-1,1,1,0,-1,1,-1,0,0,0,1,-1,1,1,0,0,0,0,-1,0,0,0,1,1,1,0,0,1,1,0,-1,0,1,0,1,0,1,0,-1,0,1,1,1,1,1,0,-1,1,0,0,0,1,-1,0,0,1,1,0,0,0,1,0,1,0,0,1,0,1,-1,0,1,0,0,1
-84,3/2/2025 12:00:00,1,0,0,1,0,-1,0,0,1,1,0,1,0,0,1,0,1,0,0,0,-1,1,1,0,1,-1,1,1,0,1,1,1,0,0,1,0,1,1,-1,0,0,1,0,0,1,0,1,0,0,1,1,1,1,1,1,0,0,0,0,0,1,0,-1,-1,1,0,1,0,0,0,1,-1,-1,0,0,0,1,0,1,1,0,1,1,0,1,0,0,1,0,1,0,1,0,0,1,1,0,-1,-1,1,1,1,1,1,0,-1,-1,0,0,0,0,0,-1,0,1,1,0,0,0,-1,0,-1,0,0,0,1,0,1,1,1,0
-85,3/2/2025 12:00:00,1,0,1,1,0,1,1,0,0,0,0,1,0,0,-1,0,0,0,1,0,1,1,-1,0,0,0,-1,0,1,1,0,1,0,1,1,0,1,0,1,1,0,1,0,1,-1,0,0,1,0,1,0,0,0,0,1,1,0,-1,1,0,-1,1,0,1,0,1,0,0,-1,0,1,1,0,1,0,-1,0,1,0,1,1,0,0,1,1,0,0,1,0,1,0,1,1,0,1,0,0,1,1,1,1,1,0,1,0,0,0,1,0,-1,1,0,1,1,0,0,0,0,-1,1,-1,1,0,0,1,0,0,1,0,0,1
-86,3/2/2025 12:00:00,0,0,1,1,0,0,1,-1,0,-1,0,0,0,0,0,1,0,1,0,0,1,1,0,0,-1,-1,1,0,0,1,1,1,0,1,0,0,-1,0,1,0,1,0,0,1,0,1,1,1,0,0,1,1,0,1,0,0,0,-1,1,0,0,-1,1,0,0,1,0,1,0,1,0,0,-1,0,1,-1,0,0,-1,0,-1,0,1,1,1,0,0,0,0,-1,0,0,0,-1,1,1,0,1,1,-1,1,1,0,0,0,-1,-1,1,1,0,0,0,1,1,1,1,0,0,0,0,1,1,0,0,0,1,1,0,0,0,1
-87,3/2/2025 12:00:00,0,1,0,0,1,0,1,0,-1,0,1,0,0,-1,-1,0,-1,0,0,1,1,0,-1,-1,-1,-1,0,1,0,0,1,-1,0,-1,0,-1,0,-1,0,-1,-1,0,-1,0,1,0,0,1,-1,0,-1,-1,0,0,-1,0,0,-1,-1,1,1,0,1,1,0,0,-1,0,-1,1,-1,0,0,0,1,0,0,0,-1,-1,0,-1,1,0,0,1,0,0,1,-1,0,0,-1,0,0,-1,-1,-1,1,1,1,-1,0,0,1,-1,1,-1,0,0,0,0,-1,0,0,0,1,1,0,1,0,-1,0,0,1,-1,0,0,-1,-1,0
-88,3/2/2025 12:00:00,1,0,1,0,1,0,0,1,0,1,0,1,1,0,0,0,0,1,0,0,1,1,-1,1,1,1,0,1,0,0,1,1,0,1,0,1,1,1,0,0,1,1,1,0,0,1,0,1,1,0,0,0,1,1,1,0,0,0,1,0,1,1,1,0,0,1,1,0,-1,0,0,1,1,0,0,0,0,0,1,-1,1,1,1,1,1,0,1,0,0,0,0,0,0,1,1,1,0,1,1,1,1,1,0,0,0,1,1,0,1,1,0,0,1,0,1,0,0,1,0,1,1,0,0,1,0,-1,0,1,0,1,0
-89,3/2/2025 12:00:00,0,1,1,0,1,1,0,-1,0,0,0,0,1,0,0,-1,-1,1,0,1,0,0,1,-1,1,0,-1,0,0,1,-1,0,-1,1,0,0,1,1,-1,0,1,-1,1,0,0,0,1,1,0,1,0,1,1,-1,-1,0,0,0,0,-1,0,0,1,-1,0,-1,-1,1,0,0,0,1,0,1,0,-1,0,0,1,0,1,-1,0,0,1,0,1,1,0,1,0,0,0,1,1,-1,0,1,-1,-1,1,1,0,1,1,0,-1,0,0,0,0,-1,-1,0,0,1,0,0,1,-1,0,0,0,1,-1,-1,-1,0,0,1,0
-90,3/2/2025 12:00:00,0,1,1,0,1,0,0,0,-1,0,1,0,0,0,1,0,0,-1,1,0,1,1,1,-1,0,-1,-1,1,0,0,1,0,1,1,1,0,0,-1,-1,0,-1,0,0,1,1,1,0,0,-1,1,0,0,1,1,-1,0,0,0,1,0,1,0,1,1,0,1,-1,1,0,0,0,-1,0,1,1,0,0,-1,0,1,1,0,0,1,0,1,0,0,1,0,1,0,0,1,0,1,-1,-1,-1,1,1,1,-1,0,0,0,-1,-1,0,0,-1,0,0,1,0,0,0,1,0,-1,1,0,0,1,1,-1,0,0,0,0,-1
-91,3/2/2025 12:00:00,0,0,0,1,1,0,0,1,0,1,1,0,1,1,0,0,0,-1,1,1,0,0,-1,-1,-1,0,1,1,1,1,0,0,0,-1,1,1,1,0,1,0,0,1,0,1,0,-1,0,0,0,1,-1,0,1,0,0,1,0,1,1,1,1,0,1,0,1,0,0,0,-1,0,0,1,1,1,1,1,1,0,0,1,0,0,1,0,-1,0,0,0,1,-1,0,1,0,0,1,1,0,1,1,1,1,1,0,0,0,0,1,0,0,1,1,1,0,1,0,1,0,1,1,0,1,1,0,0,0,-1,0,0,0,1,1
-92,3/2/2025 12:00:00,0,1,0,1,1,0,1,-1,0,0,0,1,1,-1,0,0,0,0,0,1,1,0,1,1,0,1,-1,0,0,0,1,1,-1,1,0,1,1,1,0,0,1,1,0,1,0,0,1,0,1,1,0,0,1,0,1,0,1,1,0,1,0,1,-1,-1,0,0,1,1,0,0,1,0,0,1,1,0,1,1,1,0,0,0,1,0,0,1,1,1,0,0,0,1,0,1,1,0,0,-1,-1,1,1,1,0,0,1,0,0,-1,0,-1,0,1,0,1,0,0,0,1,1,-1,0,0,1,1,1,0,0,0,0,1,1
-93,3/2/2025 12:00:00,0,1,1,0,0,0,-1,0,0,1,-1,0,0,1,1,0,1,1,0,0,1,0,0,-1,-1,1,-1,0,1,0,1,0,1,-1,1,1,1,0,0,0,1,0,0,1,1,1,0,-1,1,0,0,0,1,-1,0,1,0,0,1,0,1,1,0,-1,-1,0,0,1,0,0,0,-1,-1,1,0,-1,-1,0,0,1,-1,0,1,0,0,0,0,0,-1,-1,-1,0,-1,0,-1,-1,0,1,-1,-1,1,-1,0,0,0,0,1,1,0,-1,-1,0,0,1,1,0,0,1,0,1,-1,0,0,-1,0,0,1,-1,0,-1,0
-94,3/2/2025 12:00:00,0,0,0,1,1,0,1,-1,-1,0,0,1,0,-1,0,-1,0,1,0,1,0,0,-1,1,0,1,1,1,0,0,1,-1,1,0,1,-1,0,-1,0,0,1,1,1,1,1,0,1,0,0,0,0,0,1,0,0,1,0,1,-1,1,0,-1,1,0,1,0,0,1,-1,0,0,0,1,1,1,1,0,0,1,0,1,0,1,0,1,0,0,1,-1,0,0,1,1,0,1,0,0,-1,1,1,1,1,-1,0,0,1,1,0,0,1,0,0,1,1,1,0,0,0,0,1,-1,0,1,0,0,0,1,0,1,1,0
-95,3/2/2025 12:00:00,1,1,1,1,0,1,0,0,0,0,0,1,1,-1,0,0,0,0,-1,0,1,0,-1,-1,0,-1,1,0,1,0,1,1,-1,0,-1,-1,-1,0,0,0,1,0,0,0,-1,1,0,1,-1,0,-1,1,1,0,0,1,0,0,1,0,0,0,1,1,1,1,-1,1,0,0,1,0,-1,0,-1,0,0,0,-1,-1,-1,0,-1,1,1,0,0,1,0,0,0,0,1,-1,0,0,-1,1,1,1,-1,-1,0,0,1,0,0,0,1,1,1,0,0,1,1,0,1,0,0,1,-1,1,0,1,1,0,0,0,0,0,1
-96,3/2/2025 12:00:00,0,1,0,0,0,1,1,1,0,0,1,1,0,0,1,0,0,1,0,0,1,1,0,1,1,1,1,1,0,1,1,0,1,0,0,1,1,0,1,0,1,1,1,1,0,0,1,0,0,0,1,1,0,0,1,0,0,1,1,1,1,-1,0,-1,0,0,0,0,-1,1,1,0,0,-1,0,1,1,1,1,0,0,0,0,0,1,1,0,1,0,0,1,0,-1,1,0,-1,0,1,1,1,1,1,1,0,1,0,0,0,0,-1,1,0,0,1,0,1,-1,1,0,0,0,0,1,1,0,1,0,0,1,-1,0
-97,3/2/2025 12:00:00,0,1,0,1,1,0,0,0,1,0,1,0,1,0,0,0,1,1,0,0,0,-1,-1,-1,0,-1,1,-1,-1,1,0,1,0,0,0,1,1,0,0,1,1,0,1,1,1,1,0,0,0,0,1,0,0,0,1,1,-1,0,1,-1,0,-1,-1,-1,0,0,-1,0,0,0,1,1,0,0,1,1,1,0,0,0,-1,0,0,0,1,0,1,1,1,0,0,0,1,0,1,0,1,1,1,-1,1,1,0,1,1,0,0,1,0,0,0,-1,-1,-1,0,0,0,-1,0,-1,0,-1,1,1,0,0,-1,0,0,-1,0
-98,3/2/2025 12:00:00,0,0,1,0,0,1,0,1,0,1,1,1,1,1,1,0,0,1,0,0,0,0,-1,0,1,1,1,1,1,1,0,0,0,-1,1,-1,0,0,-1,0,1,1,0,0,1,1,-1,1,0,0,0,1,0,1,1,0,0,0,1,1,1,1,0,0,1,0,0,1,0,1,0,1,0,1,0,1,1,1,-1,0,0,0,0,1,0,1,0,0,0,-1,1,0,-1,1,0,1,0,1,1,1,1,1,0,0,0,-1,0,-1,-1,0,-1,0,0,1,0,0,1,1,-1,0,1,1,0,0,0,1,0,1,0,1,0
-99,3/2/2025 12:00:00,0,0,0,0,1,-1,-1,-1,1,0,0,1,-1,1,-1,0,0,1,0,0,0,0,1,-1,-1,1,0,0,-1,1,-1,0,0,-1,-1,0,1,-1,-1,0,0,0,-1,0,0,-1,1,-1,0,-1,0,0,-1,-1,1,0,0,1,0,-1,1,0,0,-1,-1,0,-1,1,0,-1,0,-1,0,0,1,0,1,0,0,1,0,-1,1,1,0,1,0,0,-1,0,0,1,0,-1,0,-1,0,-1,-1,-1,-1,1,-1,0,-1,-1,-1,0,0,0,0,0,0,-1,-1,-1,-1,0,0,0,0,1,0,0,1,0,-1,-1,0,0,-1
-100,3/2/2025 12:00:00,0,0,0,1,1,0,1,-1,0,0,-1,0,1,-1,0,1,0,1,1,0,0,0,-1,1,-1,1,0,1,0,0,1,0,-1,1,0,1,1,1,0,0,1,0,1,0,1,0,0,0,1,1,1,0,0,0,1,0,-1,1,1,1,0,1,0,0,1,1,0,0,-1,-1,1,0,-1,0,1,0,0,1,0,1,1,0,0,1,1,0,0,0,-1,1,0,0,-1,-1,1,0,0,1,-1,1,1,1,-1,-1,0,0,0,-1,0,0,-1,0,0,1,0,-1,-1,1,0,0,0,1,0,1,1,0,0,0,0,1,1
-101,3/2/2025 12:00:00,1,1,0,0,0,1,1,0,0,1,0,0,1,0,0,-1,1,1,0,1,0,0,-1,-1,1,0,1,1,1,1,1,0,0,0,1,0,-1,1,0,1,0,1,0,0,-1,0,-1,1,0,1,0,1,0,-1,1,0,0,0,1,1,0,1,0,-1,0,1,-1,0,-1,1,0,1,0,0,-1,-1,1,0,0,0,-1,0,1,0,1,0,1,0,0,-1,0,0,1,-1,0,1,0,1,1,1,1,-1,0,0,0,1,0,1,0,-1,0,-1,-1,0,0,-1,0,1,0,1,0,1,0,0,0,1,1,-1,1,0,0
-102,3/2/2025 12:00:00,0,0,1,1,0,1,1,1,0,0,0,0,1,0,1,1,1,0,0,1,0,0,1,0,1,1,-1,0,1,0,1,0,1,1,1,1,0,0,-1,0,1,1,1,-1,0,1,0,1,0,0,0,-1,0,1,-1,0,0,0,-1,0,0,1,-1,1,1,0,-1,0,-1,1,0,0,0,1,0,0,0,1,-1,0,1,-1,0,0,0,1,0,1,1,0,1,0,1,0,0,1,-1,1,1,1,1,1,1,1,0,0,0,-1,-1,0,0,0,-1,0,-1,1,0,0,0,-1,0,1,0,0,1,1,1,0,1,0,0
-103,3/2/2025 12:00:00,1,0,-1,0,1,0,0,-1,0,0,-1,1,1,-1,0,-1,0,0,0,1,0,0,-1,1,1,-1,0,1,1,0,1,0,-1,0,-1,0,0,1,1,-1,0,1,0,0,0,1,-1,1,0,1,0,0,1,-1,0,0,-1,0,1,1,1,0,-1,0,0,1,-1,0,-1,1,0,0,-1,0,0,0,0,-1,-1,0,-1,1,1,0,0,-1,1,0,-1,0,0,1,0,-1,0,-1,0,-1,1,-1,1,-1,0,0,1,0,0,0,-1,-1,-1,0,0,1,1,0,0,-1,0,1,0,1,0,1,0,0,1,0,-1,1,0
-104,3/2/2025 12:00:00,1,0,0,1,0,0,1,0,0,-1,-1,-1,0,-1,0,-1,0,-1,0,0,1,0,-1,0,-1,-1,-1,0,1,1,0,1,-1,0,0,0,1,-1,-1,0,1,0,1,1,1,0,1,0,1,0,0,1,0,-1,-1,0,-1,0,0,-1,0,0,-1,-1,-1,0,0,0,-1,-1,-1,0,0,0,0,0,1,0,-1,0,1,-1,1,1,0,0,1,0,0,0,1,1,-1,0,-1,0,0,-1,1,1,1,-1,-1,0,-1,-1,0,0,0,0,0,-1,-1,0,0,-1,1,0,-1,0,0,0,-1,-1,1,0,-1,0,1,0,0
-105,3/2/2025 12:00:00,1,0,1,0,-1,0,-1,0,1,0,0,0,0,-1,1,0,-1,0,0,0,1,1,1,-1,-1,0,1,1,0,0,1,-1,1,0,1,-1,0,-1,1,0,0,1,0,1,-1,1,1,0,0,0,0,0,1,1,0,0,-1,1,0,1,0,-1,1,1,0,0,0,0,-1,1,1,0,0,1,0,0,0,1,1,0,1,-1,1,0,0,0,1,0,-1,0,1,0,1,0,1,-1,0,1,1,1,1,1,0,1,1,0,1,0,0,-1,0,0,1,0,-1,1,1,0,0,0,0,1,0,1,1,0,1,0,-1,0,0
-106,3/2/2025 12:00:00,1,0,0,0,1,1,-1,0,0,-1,0,1,0,-1,0,1,1,0,0,0,0,1,0,1,1,1,-1,0,0,0,1,1,1,-1,0,0,-1,0,-1,-1,-1,0,-1,0,-1,0,1,0,-1,0,1,1,1,1,0,0,0,0,-1,1,0,-1,0,1,1,0,1,0,-1,1,0,0,-1,0,0,1,1,0,0,1,0,-1,1,1,0,0,0,1,0,0,-1,0,-1,-1,0,0,1,1,-1,1,1,1,1,1,1,1,0,0,0,0,0,0,0,1,0,1,1,-1,0,0,0,0,0,0,1,0,0,1,1,1,1
-107,3/2/2025 12:00:00,0,0,0,1,0,0,1,1,0,1,1,0,0,0,0,-1,-1,1,0,0,1,1,-1,-1,-1,0,-1,1,0,0,1,1,-1,0,1,0,-1,-1,0,1,0,1,-1,0,0,1,-1,1,0,0,0,1,0,1,0,1,0,0,1,0,1,-1,0,0,1,1,1,0,0,1,1,0,1,0,1,0,0,1,0,1,0,1,0,0,-1,1,0,0,0,-1,1,1,-1,0,0,1,0,1,-1,1,1,1,1,1,1,0,0,0,1,0,0,0,0,-1,0,0,0,-1,-1,-1,-1,-1,0,1,0,0,0,0,1,-1,0
-108,3/2/2025 12:00:00,0,1,1,1,0,1,0,0,0,1,0,0,1,-1,0,1,0,0,0,1,0,1,-1,0,1,-1,1,0,1,1,0,1,0,-1,1,0,0,1,0,1,1,1,1,1,1,1,0,0,0,0,0,0,1,1,1,0,1,0,0,1,1,1,0,0,0,1,0,1,1,0,0,1,0,1,0,1,0,0,1,1,0,1,0,1,0,1,0,1,0,1,0,1,0,1,0,0,1,1,1,1,1,1,0,0,1,0,0,0,1,0,1,1,0,1,1,0,1,0,0,1,0,0,1,1,1,0,1,0,0,0,1
-109,3/2/2025 12:00:00,1,1,0,0,1,0,-1,0,0,0,1,1,0,-1,0,0,1,0,1,0,0,0,0,1,1,-1,1,1,1,1,0,1,0,0,-1,0,0,1,0,-1,1,0,1,0,1,1,0,1,0,0,1,0,1,1,0,0,0,1,1,1,1,1,0,0,0,1,0,0,1,0,1,0,0,1,1,0,0,0,1,1,0,0,-1,1,0,0,0,0,1,-1,0,0,1,0,1,1,0,1,0,-1,1,1,0,1,0,0,0,0,0,1,1,1,1,1,0,1,1,0,0,0,0,1,1,0,1,1,1,0,0,0,0
-110,3/2/2025 12:00:00,0,0,1,1,1,1,1,0,0,0,0,1,0,0,1,1,0,0,1,0,1,0,-1,1,1,0,-1,0,1,0,1,1,-1,0,1,0,1,0,1,0,1,1,0,0,0,-1,1,-1,-1,0,0,1,0,-1,1,1,0,0,0,0,1,0,1,-1,1,0,0,0,0,-1,1,-1,0,1,1,0,0,0,1,0,1,-1,1,1,-1,0,1,0,0,0,0,0,0,0,1,-1,-1,-1,1,1,1,1,0,0,-1,0,0,0,0,1,-1,1,0,-1,0,0,0,0,-1,-1,1,1,0,0,0,0,1,0,1,1,0
-111,3/2/2025 12:00:00,1,-1,0,0,1,0,0,-1,0,1,0,1,1,0,0,1,0,0,0,0,1,1,1,1,0,1,1,1,0,0,1,1,0,1,1,0,1,0,-1,0,1,0,1,0,1,1,1,0,1,0,0,1,1,1,0,0,1,0,0,1,0,1,1,0,1,0,0,0,-1,-1,1,0,0,1,1,1,1,0,0,1,0,0,0,0,1,1,0,0,1,1,0,0,1,1,0,1,0,-1,1,1,1,1,0,0,0,0,-1,1,1,-1,0,0,0,1,1,0,0,-1,0,-1,1,1,-1,0,0,1,0,0,0,0,1
-112,3/2/2025 12:00:00,1,0,0,0,-1,1,0,0,-1,1,0,-1,0,0,0,1,-1,0,0,0,1,1,1,1,-1,0,1,0,-1,1,1,0,1,0,-1,0,0,-1,-1,-1,0,1,1,0,0,0,0,1,0,1,1,0,0,0,1,1,-1,0,1,1,0,-1,0,0,-1,1,0,0,0,-1,1,0,1,1,1,0,0,1,1,0,1,0,1,0,0,1,1,0,0,0,1,1,0,-1,0,0,1,-1,-1,-1,1,1,-1,1,1,0,0,-1,0,0,0,0,0,0,0,-1,-1,1,0,-1,0,1,1,1,0,0,0,0,1,-1,0
-113,3/2/2025 12:00:00,1,1,1,1,0,0,0,0,1,0,0,1,0,1,0,0,-1,0,0,-1,1,0,-1,1,0,-1,1,-1,0,-1,0,-1,0,1,-1,1,1,-1,0,0,0,1,1,0,-1,1,-1,0,0,0,0,1,0,0,1,1,1,0,0,-1,1,-1,0,0,-1,0,0,0,-1,-1,0,1,-1,0,1,0,1,0,-1,1,0,0,1,0,1,0,1,0,-1,0,0,1,-1,0,0,0,-1,-1,1,1,1,1,0,-1,0,0,1,1,0,-1,0,0,-1,0,0,0,-1,-1,-1,0,0,1,1,1,0,0,0,0,0,-1,1
-114,3/2/2025 12:00:00,0,1,0,0,1,0,1,-1,1,0,0,1,1,0,0,0,0,0,0,0,1,1,1,1,1,0,1,1,0,1,0,0,1,1,1,1,1,0,0,0,1,0,1,0,1,-1,0,0,1,1,0,0,1,0,0,1,1,0,1,1,1,0,1,1,0,0,0,0,1,1,1,-1,0,0,1,1,0,0,1,0,1,0,1,1,1,1,0,0,0,0,0,1,1,0,0,1,0,-1,-1,1,-1,1,0,0,0,-1,1,1,0,0,-1,0,0,1,-1,0,-1,0,1,0,1,0,0,1,0,-1,1,1,0,0,0
-115,3/2/2025 12:00:00,0,1,0,1,0,-1,1,0,0,-1,0,-1,0,-1,0,0,0,0,-1,1,0,-1,-1,-1,0,-1,1,1,1,1,0,0,-1,0,0,0,1,1,-1,1,0,1,0,0,1,0,0,1,0,1,-1,0,-1,-1,0,-1,-1,0,0,1,-1,0,0,-1,0,1,-1,1,0,0,0,0,1,1,1,0,0,0,1,1,0,1,0,0,0,0,1,1,1,1,0,0,0,-1,0,-1,1,-1,1,-1,1,1,0,0,0,0,-1,-1,1,-1,0,0,1,0,1,0,0,-1,0,1,1,-1,0,-1,0,0,0,0,0,-1,1
-116,3/2/2025 12:00:00,0,1,-1,0,-1,0,1,-1,0,0,0,1,1,0,0,-1,-1,0,1,0,0,0,1,-1,1,1,0,1,0,0,1,1,-1,0,1,1,0,0,0,1,-1,1,1,1,1,1,0,0,0,0,0,0,1,0,1,-1,0,1,0,0,0,1,-1,-1,0,-1,0,0,1,-1,0,1,1,0,0,1,0,1,1,1,0,0,0,0,1,0,0,0,1,1,1,1,0,0,0,1,1,-1,1,1,1,1,-1,1,0,0,0,-1,0,0,0,-1,0,0,0,-1,1,0,-1,-1,0,0,0,1,0,1,1,1,0,1,0
-117,3/2/2025 12:00:00,1,0,1,0,1,0,0,0,-1,1,0,0,1,0,0,0,-1,-1,-1,0,-1,0,-1,-1,-1,-1,0,0,-1,1,0,-1,1,0,0,-1,0,-1,-1,0,-1,0,0,0,-1,-1,-1,0,-1,0,-1,-1,0,-1,0,0,0,-1,-1,-1,-1,0,-1,0,-1,0,-1,0,0,-1,0,0,-1,-1,0,0,-1,0,0,-1,-1,-1,-1,-1,1,-1,0,0,0,0,0,0,0,-1,0,-1,-1,-1,-1,-1,-1,1,0,0,-1,0,-1,-1,0,0,0,-1,0,1,-1,-1,0,0,0,-1,-1,0,0,0,1,-1,0,0,1,-1,0
-118,3/2/2025 12:00:00,1,0,1,1,0,1,1,0,0,0,0,0,0,0,1,1,1,0,0,1,1,0,1,1,1,0,1,1,1,0,1,0,0,1,0,0,1,1,0,1,1,0,1,0,1,1,0,1,1,0,0,0,1,1,1,0,0,0,1,1,1,1,0,0,1,0,0,0,-1,0,1,1,0,1,1,0,1,1,1,0,0,0,1,1,0,0,1,0,0,0,1,1,1,0,0,0,1,1,1,1,1,1,-1,0,0,0,0,0,-1,1,0,1,0,0,0,-1,1,1,-1,0,0,0,1,1,1,0,0,1,0,1,0
-119,3/2/2025 12:00:00,1,0,0,1,1,1,0,0,0,0,1,1,-1,0,0,0,-1,0,0,1,-1,0,1,0,-1,-1,-1,0,1,1,1,1,0,0,1,1,0,0,0,1,1,-1,1,0,0,1,-1,0,0,-1,0,0,0,0,-1,0,1,1,-1,0,1,-1,0,0,1,-1,0,0,-1,-1,0,0,1,1,-1,-1,0,0,-1,0,0,-1,0,-1,0,0,0,-1,-1,-1,0,0,0,-1,0,-1,-1,-1,-1,-1,1,-1,0,-1,0,0,-1,-1,0,0,0,-1,0,0,-1,-1,0,-1,0,-1,1,1,0,-1,0,0,0,0,1,0,1
-120,3/2/2025 12:00:00,0,0,0,1,0,0,1,1,0,1,1,1,0,0,1,1,0,0,0,1,0,1,1,0,1,-1,1,0,1,1,1,1,0,0,0,1,1,1,0,1,0,1,0,0,0,1,1,0,1,0,1,0,0,1,0,1,0,1,1,0,0,1,1,1,0,1,0,0,0,1,-1,1,1,0,1,0,1,0,0,0,1,1,0,1,1,0,1,0,1,0,0,0,0,1,1,0,1,1,1,1,1,1,1,1,0,0,1,1,0,0,0,0,0,1,1,1,0,1,0,0,1,0,0,0,0,1,0,1,0,1,1
-121,3/2/2025 12:00:00,1,0,0,-1,1,1,0,0,0,0,-1,0,1,-1,0,-1,0,0,1,1,0,0,0,1,-1,-1,1,1,0,1,1,0,0,-1,1,1,0,-1,0,0,-1,0,1,1,-1,0,0,0,1,1,0,1,1,0,1,0,0,-1,0,-1,0,0,-1,-1,-1,0,-1,1,-1,0,0,0,-1,0,0,-1,0,1,0,-1,1,0,0,1,1,0,0,1,1,0,0,0,1,0,1,0,-1,1,1,-1,1,1,0,0,0,-1,0,-1,0,0,1,1,-1,0,0,0,-1,0,-1,-1,0,0,0,1,1,1,0,0,1,-1,0
-122,3/2/2025 12:00:00,1,0,0,0,0,1,1,0,0,-1,1,1,1,0,1,0,1,0,0,1,0,0,0,-1,-1,-1,1,1,1,0,1,0,1,0,1,1,0,1,0,1,0,1,0,1,0,0,-1,1,0,0,-1,1,1,0,0,0,1,1,0,1,0,-1,0,1,0,1,-1,-1,0,1,0,0,1,0,1,0,1,1,-1,0,0,0,0,1,1,0,0,0,0,1,1,-1,0,0,1,-1,0,-1,1,1,-1,1,0,0,-1,0,1,0,1,-1,0,0,0,0,-1,0,-1,0,-1,-1,0,0,-1,0,0,-1,-1,0,0,-1,-1
-123,3/2/2025 12:00:00,1,0,0,0,0,1,-1,0,0,-1,1,0,0,-1,1,0,0,-1,1,1,0,0,-1,-1,0,-1,-1,0,0,1,1,1,-1,0,0,-1,0,0,-1,-1,1,-1,-1,0,0,0,-1,0,0,-1,-1,-1,0,0,-1,-1,0,0,-1,0,0,-1,-1,-1,0,-1,-1,-1,-1,0,0,-1,0,0,-1,-1,0,-1,0,1,0,0,0,0,0,-1,-1,-1,0,-1,0,-1,0,0,0,-1,-1,-1,-1,-1,1,-1,0,0,0,0,-1,-1,-1,0,0,-1,1,0,1,1,0,0,0,-1,-1,1,1,1,1,0,0,0,0,0,0
-124,3/2/2025 12:00:00,0,0,1,0,1,1,0,-1,1,0,0,1,0,0,1,0,1,1,1,0,0,0,-1,-1,1,-1,0,1,1,1,0,1,0,0,1,0,1,0,0,1,1,0,0,0,-1,0,-1,0,-1,1,1,1,0,1,0,-1,0,0,1,0,1,-1,0,1,0,1,-1,1,-1,1,0,0,0,0,0,0,0,1,-1,0,1,-1,1,0,1,0,0,1,0,-1,0,0,0,1,1,0,-1,1,1,-1,1,1,0,0,1,0,-1,0,0,1,-1,0,0,0,-1,0,0,-1,-1,-1,0,0,0,1,0,0,-1,0,-1,1,1
-125,3/2/2025 12:00:00,0,0,1,1,1,0,0,0,1,1,0,1,1,0,0,0,1,0,0,1,0,1,0,1,1,-1,1,1,1,1,1,0,0,0,1,0,1,0,1,1,0,0,1,1,0,1,0,0,1,0,1,-1,1,0,-1,0,0,1,0,1,-1,0,0,0,-1,1,1,-1,0,1,0,0,1,0,1,0,1,-1,0,1,0,0,-1,1,0,0,1,0,-1,0,0,1,0,0,1,0,-1,1,1,1,1,1,1,0,1,-1,-1,0,0,0,0,0,0,0,-1,0,-1,-1,-1,0,0,0,0,1,1,1,1,0,0,0,-1
-126,3/2/2025 12:00:00,1,0,1,0,1,0,0,1,0,0,1,-1,0,-1,0,0,-1,1,0,0,1,0,-1,1,0,-1,1,0,1,0,1,-1,0,1,1,1,0,0,0,1,1,0,1,1,1,0,1,1,0,0,0,0,1,1,1,1,0,0,0,0,1,0,1,0,1,-1,-1,0,0,0,1,-1,-1,0,0,-1,1,0,-1,0,-1,0,0,1,0,0,0,1,-1,0,1,1,0,1,0,-1,0,-1,-1,-1,-1,1,1,0,1,0,0,1,0,1,0,0,-1,0,0,-1,0,1,0,1,0,0,1,0,-1,0,0,0,1,-1,-1
-127,3/2/2025 12:00:00,1,1,0,0,0,0,1,1,0,0,1,1,0,1,1,0,0,0,0,1,-1,0,-1,1,0,1,-1,1,1,0,0,0,-1,1,1,0,0,1,1,0,1,1,0,1,0,0,0,1,1,0,1,0,1,0,0,-1,1,0,-1,-1,1,-1,0,0,0,-1,1,0,0,0,1,1,1,0,-1,-1,1,0,0,1,0,0,1,0,1,0,0,1,0,0,1,1,0,1,1,0,0,1,1,1,1,-1,-1,0,0,0,-1,0,-1,-1,0,0,0,0,-1,1,-1,0,0,-1,0,0,1,0,0,1,-1,1,0,0,1
-128,3/2/2025 12:00:00,-1,0,0,1,0,1,1,0,0,0,1,0,-1,0,0,0,1,0,0,1,-1,1,0,1,-1,-1,1,0,1,1,0,1,-1,0,1,1,0,1,1,0,0,1,0,-1,0,0,0,0,1,1,1,0,0,0,1,0,-1,1,1,0,-1,-1,1,0,0,-1,0,1,1,0,-1,0,-1,0,1,1,0,0,0,1,1,0,0,0,1,0,1,1,1,0,0,1,-1,-1,0,0,0,1,1,-1,1,-1,0,-1,1,0,0,1,0,0,1,0,-1,0,-1,0,0,-1,0,-1,0,1,0,0,1,0,0,0,-1,1,1
-129,3/2/2025 12:00:00,1,0,1,0,0,0,-1,0,-1,0,1,0,-1,0,0,0,-1,0,-1,0,0,1,-1,0,1,-1,1,0,1,1,0,0,-1,0,-1,0,0,1,-1,1,0,0,0,0,-1,0,-1,1,0,0,1,-1,-1,0,0,0,0,-1,-1,0,0,-1,-1,-1,-1,0,-1,0,-1,-1,0,1,0,0,-1,-1,1,1,0,0,0,0,0,1,0,0,1,1,0,-1,0,-1,-1,0,1,0,0,1,1,0,-1,-1,1,1,1,0,0,0,0,-1,0,0,-1,0,0,1,0,0,-1,-1,-1,0,0,-1,0,0,-1,0,1,0,1
-130,3/2/2025 12:00:00,0,0,-1,0,0,1,1,0,1,0,1,0,1,0,0,0,1,1,0,0,-1,1,-1,0,1,1,1,1,-1,0,0,1,0,-1,-1,-1,0,0,1,1,0,0,0,0,0,-1,0,-1,-1,-1,1,0,1,1,0,1,0,0,1,0,1,-1,0,1,-1,0,1,1,-1,0,0,0,-1,0,1,0,1,0,-1,0,-1,0,0,0,1,0,0,-1,1,0,-1,1,1,0,0,-1,0,1,-1,1,1,1,0,1,-1,0,0,0,0,-1,0,-1,0,1,0,1,0,1,-1,0,1,0,1,0,1,0,0,0,-1,0,-1
-131,3/2/2025 12:00:00,0,1,0,1,0,0,1,0,1,1,0,1,1,0,0,0,1,1,0,0,0,1,-1,0,-1,-1,1,1,0,1,0,0,1,-1,-1,1,0,1,1,0,0,1,0,0,0,0,1,1,-1,1,0,1,0,1,0,1,0,1,0,1,1,0,0,0,-1,1,1,0,-1,0,0,0,-1,-1,0,-1,0,-1,0,-1,-1,0,1,1,1,0,0,0,0,0,-1,0,1,0,0,-1,-1,1,1,1,1,1,0,0,-1,0,0,0,1,-1,0,-1,-1,0,0,1,-1,0,-1,0,0,1,0,0,0,1,0,1,-1,1,0
-132,3/2/2025 12:00:00,0,0,0,-1,0,-1,0,-1,1,-1,0,0,-1,0,0,1,0,-1,-1,0,0,1,0,1,-1,-1,1,0,1,0,0,-1,-1,-1,0,0,0,1,1,1,1,0,0,1,0,0,-1,1,1,0,-1,0,0,1,-1,1,1,0,0,1,0,0,1,1,-1,0,0,1,0,0,1,-1,0,1,0,1,-1,-1,0,-1,0,0,0,0,1,-1,0,0,1,-1,0,1,0,0,0,-1,1,-1,1,1,-1,-1,0,0,0,-1,0,1,1,0,0,1,0,1,1,0,1,0,0,1,1,-1,-1,0,0,0,0,-1,0,-1,0
-133,3/2/2025 12:00:00,1,1,1,1,1,0,0,0,0,0,0,1,0,0,0,1,0,1,0,0,1,1,1,0,1,-1,1,1,0,0,1,1,1,0,1,0,1,0,1,1,0,0,1,1,1,1,0,1,0,0,0,1,0,1,-1,0,1,0,0,1,1,1,0,0,1,0,0,1,1,1,0,0,1,0,1,1,0,1,0,0,0,1,1,0,0,0,1,0,0,1,1,0,0,1,1,0,1,1,1,1,1,1,1,0,1,1,0,0,0,0,1,0,0,0,1,1,0,1,0,-1,0,1,0,0,0,1,1,1,0,0,1
-134,3/2/2025 12:00:00,0,1,0,0,1,0,1,1,0,0,1,1,0,0,1,0,0,-1,0,0,0,0,1,-1,0,-1,-1,0,0,1,0,1,1,-1,-1,0,0,1,0,-1,-1,0,-1,-1,0,-1,0,0,-1,0,-1,-1,0,0,0,-1,0,0,-1,1,1,1,1,0,0,0,0,1,0,0,1,-1,-1,0,0,-1,0,-1,0,0,-1,-1,0,0,0,0,0,-1,-1,0,1,1,0,0,0,-1,0,0,1,1,-1,-1,0,1,1,0,0,-1,0,0,0,1,-1,1,1,1,0,0,0,0,0,0,0,-1,0,-1,1,0,1,0,-1
-135,3/2/2025 12:00:00,0,-1,0,-1,-1,-1,-1,0,0,0,0,0,0,-1,0,0,0,-1,0,-1,-1,1,-1,1,-1,-1,0,0,0,-1,1,1,0,-1,0,-1,-1,-1,0,0,1,0,0,-1,1,0,1,1,1,0,0,1,0,1,1,0,1,0,0,-1,0,1,-1,0,0,-1,-1,0,0,1,-1,0,1,0,1,-1,-1,0,0,-1,0,0,0,0,-1,0,0,1,1,0,-1,0,1,1,0,0,1,-1,-1,1,-1,1,0,0,0,1,0,-1,1,1,0,0,-1,-1,0,0,0,-1,0,-1,0,0,-1,-1,0,0,0,-1,-1,0,-1
-136,3/2/2025 12:00:00,0,0,1,0,1,0,0,0,1,-1,1,1,1,-1,-1,0,0,0,1,0,0,0,1,-1,0,-1,-1,1,0,0,1,1,0,1,0,0,-1,-1,-1,0,-1,0,0,0,0,1,-1,1,0,1,1,0,1,0,0,1,1,1,0,0,1,1,0,1,-1,0,0,1,0,1,1,0,0,1,1,-1,0,0,0,-1,0,-1,0,0,0,1,1,0,1,0,1,1,0,-1,0,1,0,-1,-1,1,1,1,-1,0,0,-1,0,-1,-1,0,0,0,0,0,-1,1,1,1,0,0,0,-1,-1,0,1,-1,0,0,-1,0,0
-137,3/2/2025 12:00:00,0,0,0,0,1,1,1,1,1,0,0,1,0,1,0,1,0,0,1,1,0,0,0,1,1,1,1,0,1,0,1,0,1,1,1,0,0,1,1,1,0,0,0,1,1,0,0,1,1,1,0,1,0,0,1,1,0,1,0,1,1,0,0,1,0,1,0,1,1,1,0,0,0,1,1,1,0,0,1,0,0,1,0,1,0,0,1,1,0,0,1,0,1,0,0,1,1,1,1,1,1,1,0,0,0,0,0,1,0,1,1,1,0,-1,0,1,0,1,1,0,0,1,1,0,1,0,1,0,0,1,0
-138,3/2/2025 12:00:00,0,0,1,0,1,1,0,0,1,1,0,0,0,-1,0,0,1,1,0,1,1,0,-1,0,1,-1,1,1,0,1,1,0,1,0,1,0,-1,0,1,0,1,0,1,0,1,1,0,1,0,1,0,1,1,0,0,1,0,1,0,1,0,-1,1,0,0,1,1,1,0,1,0,1,0,0,0,1,1,0,1,0,0,1,1,0,1,0,0,0,0,-1,1,0,1,0,1,0,1,-1,-1,-1,1,1,0,1,0,-1,1,0,-1,0,0,0,0,1,0,0,-1,1,-1,0,0,1,0,0,1,0,1,0,1,0,1
-139,3/2/2025 12:00:00,0,1,1,0,0,0,1,0,-1,0,1,1,0,0,0,0,1,0,0,1,1,1,0,-1,-1,-1,1,1,1,0,1,0,1,0,1,0,1,0,1,1,0,0,0,0,1,0,1,0,-1,-1,1,0,0,-1,0,-1,0,1,1,0,0,-1,1,-1,-1,0,0,-1,-1,0,0,0,-1,-1,0,-1,0,-1,0,-1,0,1,-1,0,1,0,0,1,0,0,-1,0,0,0,1,1,-1,-1,-1,-1,1,1,1,0,1,0,0,0,0,-1,-1,0,-1,-1,0,-1,0,0,-1,0,1,1,1,1,0,0,0,0,0,1,0
-140,3/2/2025 12:00:00,1,0,0,0,0,1,1,0,1,0,-1,1,0,0,0,-1,0,1,0,1,-1,0,1,-1,1,-1,0,1,1,0,0,0,-1,1,1,1,0,1,0,1,0,0,1,1,0,0,-1,0,-1,-1,0,0,0,0,1,1,0,1,1,1,0,1,-1,0,0,1,1,0,-1,0,0,-1,0,-1,1,-1,0,0,1,0,0,1,0,1,0,0,1,0,1,-1,0,1,-1,0,1,0,0,1,1,-1,1,1,1,0,1,0,0,0,-1,0,0,1,1,0,0,0,0,1,-1,1,0,1,1,0,1,0,1,0,1,0,0
-141,3/2/2025 12:00:00,0,1,0,0,0,0,1,1,0,1,1,0,0,1,1,1,0,1,0,0,0,1,1,1,1,1,0,0,0,1,1,1,0,1,0,1,0,0,1,1,1,1,0,0,1,1,0,0,0,1,1,0,1,0,0,0,1,1,1,1,0,-1,0,1,0,1,0,0,-1,1,1,0,0,1,1,1,0,1,0,0,1,0,0,1,0,0,0,1,0,1,1,1,-1,0,1,0,0,1,1,1,1,1,0,0,0,-1,1,0,0,0,1,1,0,1,0,0,-1,0,-1,-1,0,1,0,1,0,1,0,1,0,1,0
-142,3/2/2025 12:00:00,0,1,0,0,1,-1,1,0,-1,0,0,-1,0,0,1,0,0,-1,1,0,1,0,0,-1,1,-1,1,1,-1,0,0,0,-1,-1,0,-1,-1,0,0,1,-1,0,0,-1,1,0,1,-1,1,0,0,1,1,1,0,0,0,0,1,1,0,0,0,1,-1,1,0,0,0,1,1,0,-1,-1,0,1,0,1,0,-1,0,-1,1,1,0,0,0,-1,1,0,0,0,-1,0,-1,0,-1,1,-1,-1,1,1,0,0,0,0,1,0,-1,0,-1,1,1,0,0,1,0,-1,-1,0,0,1,0,0,0,0,1,1,1,1,0
-143,3/2/2025 12:00:00,1,0,1,0,0,0,-1,1,-1,0,0,0,0,1,0,1,1,1,0,1,0,0,-1,0,-1,-1,-1,1,1,1,0,1,0,0,1,-1,1,0,0,1,0,1,1,0,0,0,1,0,0,1,1,1,1,1,0,0,0,0,1,1,0,-1,1,0,1,0,1,0,-1,0,0,0,-1,-1,1,0,1,0,0,1,0,1,0,1,-1,0,1,0,0,-1,0,0,0,-1,1,1,0,1,1,1,-1,-1,-1,0,1,-1,0,0,0,-1,0,0,0,0,0,-1,-1,-1,1,0,1,1,0,0,0,0,0,1,-1,-1,0
-144,3/2/2025 12:00:00,0,0,0,1,0,0,1,0,1,1,1,0,-1,1,0,0,1,1,0,0,0,1,1,1,1,0,1,1,-1,0,1,0,0,1,1,0,0,1,1,1,0,0,1,1,1,1,0,0,0,1,0,1,0,0,0,1,0,1,1,0,1,1,1,1,0,0,1,1,0,0,1,0,0,1,1,0,0,1,0,1,0,1,1,1,1,0,1,0,0,0,0,1,1,0,0,1,0,1,1,1,1,1,1,0,0,0,0,1,1,1,0,0,0,1,1,0,1,1,0,0,0,0,1,0,1,0,0,1,1,1,0
-145,3/2/2025 12:00:00,0,0,1,1,0,1,-1,0,0,-1,0,1,0,0,-1,-1,0,0,0,1,1,0,0,-1,-1,-1,1,0,1,1,1,-1,0,0,1,0,1,0,0,1,-1,0,0,0,0,1,-1,1,-1,0,1,1,1,1,0,0,-1,0,0,0,1,0,1,-1,0,-1,-1,0,0,0,1,1,0,1,0,-1,0,0,1,1,-1,0,0,0,0,0,1,0,1,1,1,1,-1,0,0,-1,0,-1,1,1,1,1,0,1,0,-1,1,0,0,-1,0,0,0,0,1,0,0,1,1,1,1,0,1,0,0,1,1,1,0,0,0
-146,3/2/2025 12:00:00,0,0,0,0,1,1,1,0,0,1,1,0,0,1,1,1,1,0,0,0,0,1,-1,1,-1,-1,0,1,1,0,0,0,-1,-1,1,1,1,0,1,0,0,0,1,0,0,0,-1,-1,0,-1,1,1,1,0,0,0,1,0,1,1,0,-1,1,0,1,0,0,0,-1,1,0,0,-1,1,-1,0,1,0,-1,1,0,0,1,1,0,1,0,1,0,0,0,1,0,1,0,1,0,1,1,-1,1,-1,0,0,0,-1,-1,0,0,1,0,1,1,-1,1,0,0,0,0,1,0,0,1,0,0,0,1,1,0,1,1
-147,3/2/2025 12:00:00,1,1,0,0,0,0,-1,1,0,1,0,-1,1,1,0,0,0,0,0,1,0,-1,-1,-1,-1,0,-1,1,0,1,0,0,-1,0,1,-1,0,-1,-1,0,0,1,1,0,-1,1,0,0,0,0,1,1,0,-1,0,0,0,-1,-1,0,0,-1,-1,0,0,-1,0,0,0,-1,1,1,-1,0,0,0,0,1,1,1,1,0,-1,0,-1,0,-1,1,0,0,0,1,0,-1,0,1,0,-1,-1,-1,1,1,0,0,1,0,0,-1,-1,0,0,0,-1,-1,0,0,0,-1,0,-1,-1,0,0,1,1,0,0,0,1,0,-1
-148,3/2/2025 12:00:00,1,0,1,0,1,0,1,0,0,1,0,1,0,-1,0,1,0,1,1,0,0,0,1,1,1,0,1,-1,0,0,1,1,0,-1,-1,-1,0,-1,1,0,0,1,0,1,0,-1,0,1,0,0,1,1,1,0,0,0,1,0,1,0,1,0,0,1,1,1,0,1,0,1,0,0,1,-1,1,-1,0,0,0,0,-1,-1,0,0,1,0,1,0,1,0,1,1,0,0,0,1,-1,1,1,-1,1,1,0,0,0,0,0,-1,-1,1,1,0,1,0,1,0,1,0,0,1,1,0,0,0,0,-1,1,0,1,1,0
-149,3/2/2025 12:00:00,0,0,1,0,0,1,1,-1,0,0,1,0,0,-1,0,-1,0,-1,0,0,1,1,-1,1,-1,-1,0,0,0,0,1,1,-1,1,-1,1,0,0,0,1,-1,0,-1,0,1,0,-1,0,-1,1,0,0,0,0,1,1,1,0,1,1,0,1,0,1,1,0,0,1,1,0,1,0,1,0,1,1,1,0,1,0,0,0,0,0,0,0,1,1,1,-1,0,1,-1,0,0,0,-1,1,1,-1,1,1,1,0,0,0,1,1,0,0,0,1,0,1,0,1,0,1,0,1,1,0,0,1,1,0,1,0,0,1,0
-150,3/2/2025 12:00:00,1,0,1,1,0,0,-1,0,0,1,0,1,1,-1,0,0,0,0,0,1,0,1,-1,0,1,1,1,1,0,0,1,1,0,1,0,-1,-1,1,1,0,0,1,0,0,1,1,0,-1,0,0,1,1,0,0,1,0,1,1,0,-1,1,0,1,0,-1,0,0,1,0,1,0,0,-1,1,1,-1,1,0,0,0,1,0,0,1,-1,0,0,0,1,0,1,-1,0,1,1,0,0,1,-1,1,1,1,1,0,1,0,0,-1,0,0,1,0,1,1,0,1,0,0,1,0,0,0,1,1,0,1,0,0,0,1,1
-151,3/2/2025 12:00:00,0,-1,0,0,0,0,-1,0,-1,1,1,1,-1,0,0,-1,0,0,0,0,1,1,-1,-1,-1,0,-1,1,1,0,0,0,-1,1,0,-1,0,1,0,-1,1,-1,0,-1,-1,0,0,-1,-1,0,0,1,1,0,-1,1,0,0,0,0,0,1,1,1,1,0,1,1,0,0,1,0,-1,0,0,-1,0,0,-1,1,0,-1,0,0,-1,-1,-1,0,0,-1,0,0,0,0,1,1,1,1,1,-1,1,-1,-1,0,-1,0,0,-1,0,0,0,-1,1,0,1,0,1,0,0,1,1,0,1,0,1,0,1,0,1,0,0
-152,3/2/2025 12:00:00,0,1,0,1,0,0,-1,1,0,0,1,0,0,0,1,1,-1,0,-1,0,1,0,-1,0,-1,-1,1,1,0,0,1,0,0,1,0,0,1,0,1,1,1,1,1,-1,0,0,0,0,1,0,1,0,1,1,1,0,1,0,0,1,-1,-1,1,0,0,0,1,1,0,0,0,-1,0,-1,-1,-1,1,0,-1,0,0,0,0,1,0,-1,1,0,0,0,-1,-1,1,0,-1,0,0,-1,1,0,1,-1,0,0,-1,-1,0,0,0,0,-1,-1,0,-1,0,0,0,-1,-1,1,0,0,1,0,1,0,1,0,0,1,1
-153,3/2/2025 12:00:00,0,0,-1,1,0,1,0,0,0,1,1,0,0,1,0,1,0,1,0,0,1,-1,0,1,1,1,1,-1,0,-1,0,1,0,1,0,1,1,0,1,0,1,0,1,-1,1,-1,0,0,1,0,0,0,1,1,1,0,0,1,0,0,1,1,0,1,0,1,1,0,0,1,0,0,1,1,1,1,0,1,0,1,0,0,0,1,0,0,1,0,0,1,1,0,0,0,1,1,1,1,1,1,1,1,0,0,1,1,0,0,0,0,-1,1,-1,1,0,0,0,1,-1,0,0,0,1,0,0,0,1,1,1,1,0
-154,3/2/2025 12:00:00,0,1,0,0,1,0,0,-1,1,0,1,0,0,1,1,1,1,0,0,0,0,-1,1,0,-1,-1,-1,1,1,1,0,1,0,0,0,1,-1,1,-1,0,0,0,1,1,1,0,0,0,1,-1,0,0,1,1,0,0,-1,0,1,1,1,0,1,0,0,1,0,1,0,1,1,0,0,1,0,-1,1,0,0,1,-1,0,0,1,1,0,0,0,1,0,1,0,1,-1,0,-1,0,-1,-1,1,1,1,0,0,1,0,1,0,1,-1,0,0,0,0,1,1,0,1,1,0,0,1,0,-1,0,1,-1,0,-1,0,0
-155,3/2/2025 12:00:00,0,0,0,0,0,1,1,-1,0,1,1,0,1,0,0,-1,-1,0,-1,1,0,0,0,1,-1,-1,1,-1,0,0,1,-1,1,0,-1,1,0,0,1,0,1,1,1,0,0,1,0,0,0,1,1,0,0,1,0,0,-1,1,1,0,0,-1,-1,-1,0,-1,-1,0,-1,0,0,-1,-1,0,0,0,1,0,-1,1,0,-1,0,0,0,1,0,1,-1,-1,0,0,-1,0,0,-1,-1,-1,1,-1,1,1,-1,0,0,0,0,1,0,0,1,-1,-1,1,-1,0,0,-1,0,0,-1,0,0,1,-1,1,0,0,0,0,1
-156,3/2/2025 12:00:00,0,1,0,1,0,-1,0,1,0,0,1,1,1,0,0,0,1,0,1,1,0,0,-1,1,1,0,1,1,0,1,1,1,0,0,1,1,1,1,0,0,0,1,0,0,1,1,1,0,-1,0,0,1,0,0,1,1,0,1,0,1,1,1,0,0,1,0,0,1,-1,0,0,0,1,0,0,1,1,0,-1,0,0,1,0,0,1,1,0,1,0,0,1,0,1,0,1,0,1,1,-1,1,1,-1,-1,0,0,-1,0,-1,0,0,-1,0,1,-1,0,0,0,1,-1,0,1,1,1,0,0,0,0,1,1,0,0
-157,3/2/2025 12:00:00,0,0,1,0,0,1,1,0,0,1,1,1,0,0,0,0,1,0,1,1,0,1,-1,1,0,1,1,0,1,0,1,1,1,0,0,1,0,1,-1,0,1,0,1,0,1,1,0,1,0,0,1,0,1,1,0,0,0,1,1,0,1,-1,0,-1,-1,0,0,0,1,1,1,0,0,1,0,0,0,0,0,0,0,0,0,0,0,0,0,0,0,0,0,0,0,0,0,0,0,0,0,0,0,0,0,0,0,0,0,0,0,0,0,0,0,0,0,0,0,0,0,0,0,0,0,0,0,0,0,0,0,0,0
-158,3/2/2025 12:00:00,0,1,0,1,0,1,1,0,0,1,0,0,0,-1,1,1,0,0,0,1,0,1,-1,0,-1,-1,-1,1,0,1,0,1,0,-1,1,0,-1,-1,1,0,0,1,0,1,0,1,1,0,-1,0,0,0,1,1,0,0,-1,0,0,1,1,0,-1,-1,0,0,-1,0,0,1,1,0,-1,0,1,0,0,1,0,-1,1,0,0,1,1,0,1,0,1,0,0,0,0,0,1,-1,-1,1,1,-1,1,1,1,1,1,0,1,0,0,0,0,0,0,0,1,0,1,1,0,1,0,0,1,1,0,0,1,1,0,1,0
-159,3/2/2025 12:00:00,1,0,1,0,0,1,0,0,-1,0,1,0,0,0,0,-1,0,-1,0,1,-1,1,-1,-1,-1,0,-1,0,1,-1,0,1,1,0,-1,-1,-1,1,0,0,0,0,-1,0,-1,0,-1,1,-1,0,0,-1,-1,-1,0,0,0,-1,0,-1,0,-1,0,-1,-1,0,0,0,-1,-1,0,-1,0,-1,1,0,0,-1,0,-1,0,-1,-1,0,0,0,1,0,-1,0,-1,0,-1,-1,0,0,-1,-1,-1,-1,-1,-1,0,1,0,0,-1,0,0,-1,1,0,1,1,0,1,-1,0,0,0,0,0,-1,1,0,0,-1,1,0,1,0
-160,3/2/2025 12:00:00,0,0,1,0,1,1,1,0,1,0,0,0,0,-1,0,0,1,1,0,-1,0,1,-1,-1,1,1,0,-1,-1,0,1,0,0,-1,1,0,-1,1,0,1,0,0,-1,0,1,-1,0,0,0,1,1,0,0,-1,0,-1,1,1,0,0,-1,-1,-1,0,0,-1,-1,1,0,0,1,1,0,0,-1,-1,0,0,-1,0,-1,0,1,-1,0,1,0,0,-1,0,0,1,0,1,1,0,0,1,1,1,1,1,1,-1,0,0,1,0,1,0,0,0,1,1,0,1,0,1,0,0,0,1,1,0,0,1,0,1,1,0,0
-161,3/2/2025 12:00:00,0,0,1,1,0,0,0,0,1,-1,1,0,1,0,0,1,1,0,1,1,0,0,1,1,0,-1,1,0,0,0,1,1,1,-1,0,0,-1,-1,0,-1,1,0,-1,0,-1,1,0,1,-1,0,0,1,0,0,-1,-1,0,1,0,1,0,1,1,0,1,0,0,1,-1,1,0,0,0,-1,0,-1,0,1,0,-1,0,1,1,0,0,0,1,1,0,1,0,0,0,0,1,1,-1,-1,1,1,1,1,0,0,0,-1,0,1,1,0,1,0,1,1,0,0,0,-1,0,1,0,1,0,1,0,1,0,0,1,1,0
-162,3/2/2025 12:00:00,0,0,0,1,1,-1,1,0,-1,0,0,-1,0,0,-1,0,0,0,1,1,-1,0,1,1,-1,0,1,1,0,-1,-1,-1,0,0,1,0,-1,-1,0,0,-1,0,1,1,-1,1,0,0,0,0,1,0,0,0,1,1,0,1,1,-1,1,-1,0,0,0,-1,0,1,0,0,-1,1,-1,0,0,-1,1,0,-1,0,-1,0,0,1,1,0,1,0,-1,0,0,1,-1,0,-1,0,0,-1,1,-1,1,-1,0,1,0,0,0,-1,-1,0,0,-1,0,1,-1,0,-1,-1,0,0,-1,1,0,-1,0,1,0,0,1,0,0
-163,3/2/2025 12:00:00,0,0,1,1,0,0,0,-1,1,0,1,1,0,0,1,0,1,1,0,1,0,0,1,1,-1,-1,0,0,0,0,1,1,1,1,1,0,-1,1,-1,0,0,1,1,1,1,0,1,0,0,0,0,1,0,0,1,0,0,1,1,0,1,1,0,1,1,0,0,1,1,1,0,1,0,0,0,0,1,1,1,0,0,1,0,0,1,1,1,0,1,0,0,0,1,1,0,1,0,1,1,1,1,1,-1,0,0,1,1,0,0,0,0,1,0,0,0,1,1,0,1,1,1,1,0,0,0,-1,0,0,0,-1,1
-164,3/2/2025 12:00:00,0,0,1,1,0,1,0,-1,0,0,1,0,0,-1,1,0,1,1,0,1,0,0,1,1,0,-1,1,0,0,1,0,1,1,1,1,0,-1,0,-1,1,0,1,0,1,-1,1,0,0,0,1,0,1,0,0,1,1,1,0,0,0,1,0,1,0,1,1,0,-1,-1,0,1,0,1,0,1,-1,0,1,0,0,1,0,0,0,1,0,0,1,1,1,0,1,0,1,1,0,0,1,1,1,1,-1,1,1,0,0,0,0,-1,1,0,0,0,1,1,0,1,0,0,1,0,0,1,1,0,0,1,1,0,1,0
-165,3/2/2025 12:00:00,0,0,1,0,0,-1,0,-1,1,0,1,1,0,1,0,0,0,1,1,0,1,0,0,-1,1,1,1,-1,0,0,1,1,-1,0,0,0,-1,-1,0,-1,-1,1,0,0,-1,0,1,0,1,1,0,1,0,1,0,1,1,0,0,0,1,0,1,0,1,-1,0,-1,0,-1,1,-1,0,0,0,0,0,1,-1,0,1,1,1,0,1,1,1,0,0,0,0,1,0,1,1,0,0,-1,-1,1,1,1,1,0,0,-1,0,0,-1,0,0,-1,0,1,-1,1,0,-1,0,0,1,0,0,1,0,0,1,0,1,0,-1
-166,3/2/2025 12:00:00,0,0,0,1,1,0,1,0,1,0,1,0,1,0,1,0,1,1,0,0,0,1,1,1,1,0,1,1,0,0,1,1,0,1,0,0,1,0,1,1,1,0,1,0,1,0,1,1,0,0,1,0,1,1,1,1,0,0,0,1,0,0,1,0,1,1,1,0,0,1,1,1,0,0,0,1,1,0,0,1,0,0,0,1,0,1,0,1,0,1,0,1,0,0,1,0,1,-1,1,1,1,1,0,1,0,0,1,0,-1,0,1,0,1,1,0,0,0,1,1,0,0,0,1,1,1,0,0,0,0,1,1
-167,3/2/2025 12:00:00,0,1,0,-1,-1,-1,1,0,0,0,0,0,1,-1,1,0,0,1,0,0,0,1,0,-1,-1,-1,1,0,1,-1,1,-1,0,0,-1,-1,-1,0,0,1,0,1,0,0,0,0,1,0,-1,1,-1,0,1,-1,-1,0,0,-1,0,0,0,-1,1,1,0,-1,0,0,1,0,0,-1,-1,1,0,1,1,1,1,0,0,0,0,0,1,0,0,1,-1,1,0,-1,0,0,-1,-1,0,1,1,1,-1,1,0,1,0,0,1,1,0,0,0,-1,0,0,1,-1,1,1,0,0,0,-1,0,0,-1,0,1,0,1,0,-1
-168,3/2/2025 12:00:00,1,0,1,0,0,0,1,-1,-1,0,0,0,0,-1,0,1,0,0,1,0,1,1,-1,0,-1,-1,1,1,0,1,1,0,0,1,0,-1,-1,0,-1,0,1,1,0,0,1,0,1,0,-1,-1,0,1,1,0,1,0,1,0,0,1,1,0,0,1,1,0,0,1,0,0,0,-1,1,1,1,1,0,0,1,-1,0,0,1,0,0,0,1,1,0,0,1,1,0,0,0,1,1,-1,-1,1,1,1,1,0,0,0,0,0,-1,-1,-1,0,-1,0,0,1,1,0,1,0,0,-1,0,0,0,0,-1,-1,0,-1,-1
-169,3/2/2025 12:00:00,0,0,1,1,1,0,1,1,0,0,0,0,0,-1,0,0,1,-1,1,1,0,0,1,-1,-1,-1,0,0,0,1,0,1,-1,1,1,1,-1,0,1,0,0,1,0,0,-1,0,0,1,0,1,-1,1,0,1,0,0,1,1,0,1,1,0,1,0,0,1,1,0,0,1,1,0,1,0,0,1,1,0,0,1,1,0,0,1,1,1,0,0,0,0,1,0,0,1,1,0,1,1,1,-1,-1,-1,0,1,1,0,0,-1,0,0,0,1,-1,0,1,1,0,1,0,0,1,0,0,1,0,1,-1,0,1,0,0
-170,3/2/2025 12:00:00,1,0,1,0,1,1,0,0,1,0,0,0,0,-1,0,-1,0,1,1,1,0,0,1,-1,1,-1,0,0,0,1,1,1,0,1,0,0,1,1,-1,0,1,0,0,1,1,1,0,1,1,0,0,1,1,0,-1,0,0,0,1,-1,1,0,1,0,0,1,-1,1,-1,0,0,0,1,0,1,1,0,1,0,0,0,1,0,0,0,1,1,0,-1,1,0,1,-1,0,0,0,1,-1,1,1,1,1,1,0,1,0,0,-1,0,1,0,0,1,0,1,1,0,0,0,1,1,0,1,0,1,-1,0,1,0,0,0
-171,3/2/2025 12:00:00,1,0,1,1,0,0,0,0,-1,-1,0,0,0,-1,0,-1,0,0,1,0,1,1,-1,1,0,-1,1,0,0,0,1,1,-1,-1,-1,-1,0,-1,0,-1,0,0,-1,1,-1,0,0,0,-1,1,0,0,1,0,1,0,-1,0,1,1,-1,0,1,-1,0,0,1,0,-1,1,0,-1,0,0,1,0,0,1,0,-1,0,-1,0,1,1,1,1,0,0,0,0,0,0,1,1,0,-1,1,-1,1,-1,1,0,0,0,0,-1,0,-1,-1,0,-1,-1,1,1,0,0,0,0,-1,1,0,1,0,1,0,1,0,0,0,1
-172,3/2/2025 12:00:00,0,-1,0,-1,1,-1,0,0,1,0,0,0,0,-1,0,0,-1,1,1,1,0,0,1,-1,-1,0,-1,1,0,0,1,0,1,-1,1,0,0,1,0,1,-1,1,1,1,0,1,0,0,1,0,0,0,1,1,0,0,0,1,1,1,0,0,1,1,-1,0,0,1,1,0,0,1,0,1,1,1,1,0,0,0,-1,0,0,0,0,0,1,1,1,1,0,0,0,1,0,1,1,1,-1,1,1,1,0,0,0,1,1,0,1,0,0,1,1,0,0,-1,1,0,1,0,1,0,0,1,0,0,1,0,1,1,0
-173,3/2/2025 12:00:00,0,0,0,0,1,1,0,-1,1,0,1,1,1,-1,0,1,1,0,0,0,0,0,-1,0,1,-1,1,0,0,1,0,1,1,1,0,1,1,1,-1,0,0,1,1,0,1,1,0,1,0,0,0,0,1,0,-1,0,0,1,1,0,1,1,0,1,0,1,-1,0,0,1,1,0,1,0,0,0,1,0,1,0,-1,1,0,0,1,0,1,0,1,-1,0,1,-1,0,1,0,0,-1,1,1,1,-1,1,0,0,0,1,0,-1,0,1,0,0,1,0,1,0,0,-1,1,0,1,1,1,0,0,1,0,1,0,0
-174,3/2/2025 12:00:00,1,-1,1,0,1,0,0,-1,0,0,0,1,1,0,0,-1,1,0,0,0,1,0,-1,0,-1,-1,1,1,0,0,1,1,0,1,0,0,-1,0,1,1,1,1,0,1,0,1,1,0,0,0,1,0,0,1,1,1,0,1,0,-1,0,0,0,-1,-1,1,1,0,-1,0,1,-1,0,0,1,0,1,0,0,0,1,-1,0,0,0,0,1,1,1,0,1,1,1,1,0,0,0,1,-1,1,1,1,0,0,0,0,1,0,0,1,1,1,0,1,1,0,-1,0,-1,0,1,0,1,-1,1,0,0,0,1,0,0
-175,3/2/2025 12:00:00,1,0,0,1,0,-1,1,0,0,0,-1,1,0,-1,0,1,0,1,1,0,0,0,-1,1,1,1,0,0,1,1,0,1,0,1,0,-1,1,1,0,0,-1,0,0,0,1,1,-1,1,-1,0,0,1,0,0,1,1,1,0,0,0,0,1,1,0,1,-1,0,0,0,0,1,1,1,1,0,-1,0,0,-1,-1,1,0,0,0,1,0,0,1,1,-1,0,0,1,0,0,1,-1,1,-1,-1,1,1,0,0,1,1,1,0,-1,0,0,0,1,0,1,1,0,0,1,0,0,1,0,1,-1,1,0,0,1,0,0
-176,3/2/2025 12:00:00,-1,1,0,0,0,0,1,-1,0,-1,0,-1,0,-1,1,0,-1,0,0,1,0,0,-1,1,-1,0,-1,0,-1,1,0,-1,0,1,0,0,-1,0,-1,1,-1,0,-1,1,0,-1,-1,0,0,0,-1,-1,-1,-1,0,0,-1,0,0,0,0,-1,-1,-1,0,-1,0,0,0,0,1,-1,-1,-1,1,0,0,0,-1,-1,-1,0,0,1,1,0,-1,0,0,0,-1,0,0,-1,1,-1,0,-1,1,-1,-1,-1,0,-1,1,-1,0,1,0,0,0,0,1,0,0,0,-1,0,-1,-1,-1,0,0,0,-1,0,1,1,0,-1,0
-177,3/2/2025 12:00:00,1,0,1,-1,0,0,-1,0,0,-1,0,0,0,0,0,1,1,1,0,-1,0,1,-1,0,-1,-1,1,0,0,1,1,0,-1,1,1,1,0,1,0,0,1,0,0,1,-1,1,0,-1,0,0,-1,0,-1,1,0,0,1,0,1,1,-1,0,0,-1,-1,0,0,1,0,0,0,1,1,-1,1,0,-1,-1,0,-1,0,0,0,1,1,1,0,1,0,0,0,1,-1,0,0,-1,0,-1,1,-1,1,-1,0,0,-1,0,0,-1,-1,0,0,1,-1,-1,0,0,-1,1,0,0,0,0,0,-1,0,-1,0,-1,0,-1,-1
-178,3/2/2025 12:00:00,0,0,1,0,0,0,1,0,0,1,1,1,0,0,0,1,0,1,0,0,1,1,-1,0,0,1,0,1,1,-1,0,0,0,-1,0,-1,0,0,-1,1,1,0,0,0,-1,-1,-1,1,0,1,0,0,1,1,-1,0,1,0,0,0,0,1,-1,0,1,1,0,1,0,1,1,0,-1,0,0,-1,0,0,-1,-1,1,0,1,1,0,0,1,0,-1,0,0,0,1,-1,0,0,1,-1,1,-1,1,-1,0,0,0,-1,-1,0,0,0,0,-1,0,1,0,1,-1,0,1,0,0,1,0,0,1,-1,0,0,0,-1,-1
-179,3/2/2025 12:00:00,1,1,0,1,0,1,0,0,1,0,0,0,0,1,0,1,1,1,0,1,0,0,0,1,1,1,1,1,0,1,1,0,1,0,0,1,1,0,0,1,1,1,1,1,-1,0,0,0,0,0,1,1,0,1,0,0,1,0,1,0,1,-1,1,0,0,1,0,0,-1,0,0,1,1,1,1,0,0,1,1,0,0,1,0,1,1,0,1,0,0,1,0,0,1,0,0,1,1,1,1,1,1,1,1,0,0,0,0,0,1,0,1,1,1,-1,0,0,-1,-1,0,0,0,0,0,0,0,1,0,1,1,1,1
-180,3/2/2025 12:00:00,-1,0,-1,0,-1,0,-1,0,0,-1,0,-1,1,0,0,-1,0,0,0,0,-1,-1,0,1,1,-1,1,0,0,-1,1,1,0,1,-1,-1,0,0,1,-1,0,0,0,1,1,1,1,1,0,0,0,0,1,1,0,0,0,-1,1,-1,0,0,1,1,0,1,0,-1,0,1,0,0,-1,-1,0,0,-1,-1,-1,1,0,0,-1,0,1,0,1,0,0,1,0,0,0,0,0,-1,-1,-1,-1,-1,-1,-1,0,0,0,-1,1,-1,0,0,0,1,-1,1,1,0,1,0,0,0,0,0,0,-1,1,-1,0,0,1,-1,0
-181,3/2/2025 12:00:00,-1,0,-1,0,0,0,0,1,0,1,1,0,1,1,1,0,1,1,0,0,0,0,1,0,1,1,1,0,0,1,1,1,0,1,1,1,0,1,0,1,0,1,1,0,0,0,1,1,0,0,1,0,0,1,0,1,0,1,1,1,0,1,0,0,1,1,0,0,0,1,0,1,1,1,0,1,0,0,1,0,1,1,0,1,0,0,1,1,0,0,1,0,1,1,0,1,0,1,1,1,1,1,0,-1,1,0,0,1,0,0,-1,0,1,0,1,1,1,0,0,0,0,-1,1,0,1,0,1,0,0,0,1
-182,3/2/2025 12:00:00,1,1,1,1,0,0,0,1,0,0,0,1,1,0,1,0,0,0,0,0,1,1,-1,-1,-1,1,0,0,1,0,1,0,-1,-1,-1,-1,0,0,0,1,1,0,-1,1,-1,0,0,0,-1,1,0,0,1,0,-1,-1,0,1,0,-1,0,-1,-1,0,-1,0,-1,0,0,-1,0,0,-1,-1,0,0,0,-1,0,-1,-1,-1,1,0,0,1,-1,0,0,0,1,1,-1,0,1,0,0,-1,-1,-1,1,-1,0,-1,0,0,0,0,-1,-1,0,-1,-1,0,0,1,0,-1,0,-1,1,1,0,0,0,0,1,-1,0,0,-1
-183,3/2/2025 12:00:00,0,1,0,1,0,-1,1,-1,0,0,0,0,1,0,0,0,0,1,1,1,0,1,1,1,0,-1,1,0,0,1,1,0,-1,-1,1,1,0,1,1,0,0,1,-1,0,1,1,0,0,-1,0,0,0,0,1,1,1,1,0,0,0,1,1,1,-1,0,0,-1,0,-1,0,0,0,1,1,1,0,1,1,1,0,0,0,0,1,0,0,0,-1,0,-1,1,0,0,0,1,1,1,-1,-1,1,1,1,0,0,0,1,-1,0,-1,0,0,1,0,1,1,1,0,0,0,1,0,0,-1,0,0,-1,0,1,0,-1,-1
-184,3/2/2025 12:00:00,0,0,0,0,1,1,1,-1,0,-1,0,0,1,0,0,-1,0,0,0,1,1,1,-1,0,-1,-1,1,1,-1,1,0,0,-1,0,0,-1,-1,0,1,1,0,1,0,-1,1,0,0,0,0,-1,-1,0,1,0,0,1,1,1,0,1,1,0,0,1,0,1,0,1,1,0,1,1,0,0,1,0,1,-1,-1,0,0,0,0,1,-1,1,0,0,-1,0,0,1,0,0,0,1,-1,1,1,1,1,-1,1,0,0,0,0,1,-1,0,0,1,1,1,0,0,0,1,1,0,0,1,0,1,0,0,1,1,0,0,1
-185,3/2/2025 12:00:00,1,1,0,1,0,0,0,-1,0,0,1,0,1,0,-1,0,-1,0,0,0,1,1,-1,0,-1,1,-1,0,1,-1,0,1,0,1,1,1,-1,1,0,0,0,1,0,-1,0,0,0,-1,1,1,0,0,1,1,1,0,0,0,-1,-1,0,-1,0,-1,-1,0,0,1,-1,-1,1,0,0,0,0,-1,1,1,0,0,0,0,0,0,-1,0,0,1,-1,0,1,-1,0,1,1,0,0,-1,-1,-1,-1,1,1,1,0,0,-1,0,0,0,-1,0,0,-1,-1,0,-1,0,-1,0,-1,1,0,0,0,0,0,0,-1,1,1
-186,3/2/2025 12:00:00,0,1,1,0,1,0,1,0,0,1,0,1,0,0,0,-1,1,0,-1,0,-1,0,0,1,-1,-1,1,0,-1,0,1,0,-1,1,-1,0,1,0,-1,1,0,1,0,1,0,0,0,1,0,1,1,-1,1,0,-1,-1,0,0,0,1,0,-1,1,0,0,1,0,-1,-1,-1,0,0,-1,0,1,1,0,0,1,0,1,0,0,0,0,1,1,1,1,0,0,0,-1,-1,0,-1,0,1,1,1,-1,-1,0,0,0,-1,1,0,0,-1,1,0,1,0,1,0,-1,-1,0,0,1,0,1,0,0,0,1,0,1,1,0
-187,3/2/2025 12:00:00,1,1,1,0,1,1,0,0,0,0,0,1,-1,0,0,0,0,-1,-1,0,-1,0,1,-1,0,-1,-1,-1,0,1,1,-1,0,0,-1,1,0,0,-1,0,-1,0,0,-1,1,0,0,1,-1,1,0,1,1,0,0,0,0,-1,1,1,1,0,0,0,-1,-1,0,1,-1,0,0,-1,0,-1,0,0,-1,0,-1,1,-1,0,-1,1,0,0,1,0,1,0,0,1,0,-1,-1,0,0,1,-1,1,1,1,1,0,1,0,0,0,-1,0,1,0,1,1,0,0,-1,0,0,1,-1,-1,1,0,-1,0,0,0,0,0,1
-188,3/2/2025 12:00:00,1,1,0,1,1,0,1,0,0,0,0,1,1,-1,0,0,1,1,0,0,0,0,0,1,1,1,1,1,1,0,1,1,0,0,0,1,1,0,0,1,1,0,1,0,0,1,-1,0,0,1,1,0,0,1,0,1,0,1,1,-1,0,0,1,-1,1,0,0,0,-1,-1,1,0,0,1,0,1,0,1,1,0,1,0,0,1,1,0,1,0,1,0,0,1,0,0,1,1,0,-1,1,1,1,-1,1,0,0,1,0,1,0,0,1,0,1,1,1,0,1,0,0,0,0,1,0,1,0,1,1,0,0,1,0
-189,3/2/2025 12:00:00,1,0,0,-1,0,-1,1,-1,0,0,0,1,1,0,1,0,1,0,0,-1,0,0,1,0,-1,-1,1,1,0,-1,0,-1,1,0,1,-1,0,0,0,-1,-1,1,-1,-1,0,0,0,0,-1,1,0,0,1,1,0,-1,0,1,0,-1,0,1,1,1,0,0,-1,0,-1,-1,0,0,0,-1,0,-1,-1,-1,1,0,0,0,0,1,-1,0,0,0,1,0,-1,-1,1,1,0,0,0,-1,-1,1,1,-1,-1,1,-1,0,0,0,0,0,-1,0,0,0,-1,0,1,-1,0,1,0,0,-1,1,0,-1,0,1,0,-1,0
-190,3/2/2025 12:00:00,0,0,0,1,1,0,1,-1,1,0,0,0,0,1,0,1,0,1,1,0,0,1,0,1,1,1,1,0,1,1,0,1,0,1,0,-1,0,0,-1,-1,-1,1,0,0,1,1,1,0,0,1,0,1,0,0,0,1,0,1,1,0,1,1,1,0,1,0,1,1,0,0,1,0,1,0,0,1,1,0,0,1,0,1,1,1,0,0,0,0,1,1,0,1,0,0,1,0,1,1,1,1,1,1,0,1,0,0,0,0,0,1,-1,1,1,-1,0,0,0,1,-1,0,-1,0,0,0,1,0,0,-1,-1,-1,0
-191,3/2/2025 12:00:00,0,-1,1,0,0,0,1,0,-1,-1,0,1,0,1,0,0,-1,-1,0,0,-1,0,-1,-1,-1,0,-1,0,1,-1,1,0,-1,0,1,-1,-1,0,-1,0,0,0,1,1,0,1,1,0,-1,0,0,0,1,0,1,-1,-1,0,0,0,0,-1,0,-1,-1,-1,-1,0,-1,0,0,0,-1,-1,1,1,0,0,0,0,-1,1,0,0,1,0,0,1,1,0,1,0,-1,1,0,-1,0,1,-1,1,1,1,1,0,0,0,0,1,1,0,0,1,0,1,0,0,1,0,-1,1,0,1,1,-1,0,0,-1,1,0,0,0
-192,3/2/2025 12:00:00,-1,0,0,-1,1,0,-1,-1,0,0,0,-1,0,0,-1,0,1,1,0,1,0,0,-1,-1,-1,0,-1,1,0,0,-1,0,1,-1,-1,0,-1,1,1,0,0,1,-1,0,0,-1,-1,0,0,0,-1,0,0,1,0,1,-1,1,0,1,-1,-1,1,0,0,0,0,1,0,1,0,0,-1,-1,1,0,1,0,0,-1,0,-1,0,-1,0,0,0,1,0,-1,-1,1,0,-1,0,-1,0,-1,1,1,1,-1,-1,-1,-1,-1,0,0,0,0,0,0,-1,0,0,0,0,1,-1,1,0,0,-1,0,0,0,1,-1,-1,-1,0
-193,3/2/2025 12:00:00,0,1,1,0,0,0,0,-1,-1,0,1,0,0,0,-1,-1,-1,0,0,0,-1,1,-1,-1,-1,0,-1,1,1,0,0,-1,-1,0,-1,0,0,-1,0,1,-1,0,0,0,-1,-1,-1,-1,0,0,-1,-1,0,-1,0,-1,0,1,0,-1,-1,-1,0,0,0,-1,0,-1,-1,-1,0,0,-1,0,-1,0,1,-1,-1,0,0,0,1,-1,0,1,0,-1,0,0,0,0,0,0,-1,-1,-1,1,1,-1,1,1,-1,0,1,0,-1,0,-1,0,0,0,1,1,0,0,0,1,-1,0,1,0,1,0,0,1,1,1,0,0,0
-194,3/2/2025 12:00:00,1,0,0,1,0,0,0,0,1,1,1,1,0,0,0,1,1,1,1,0,0,0,1,1,1,0,-1,1,1,0,1,0,0,1,0,1,-1,1,0,1,0,0,0,0,1,1,0,1,1,1,0,0,0,0,0,1,1,1,1,0,0,1,0,1,1,1,0,1,1,0,0,-1,-1,0,1,0,1,0,1,0,0,1,1,0,1,1,1,0,0,0,0,1,0,1,0,1,0,1,-1,1,-1,1,1,0,0,1,1,0,0,0,1,0,1,0,0,1,0,1,0,1,0,0,1,1,0,0,0,0,1,1,1
-195,3/2/2025 12:00:00,0,1,1,0,1,0,1,0,1,0,0,1,0,0,1,0,0,0,0,1,1,1,1,0,-1,-1,1,1,0,1,0,1,1,0,0,1,1,0,0,1,1,0,1,0,0,1,1,0,1,0,1,1,1,0,0,0,1,1,0,1,1,0,1,1,0,0,1,1,0,1,0,0,1,0,1,0,0,0,1,1,1,0,0,1,0,1,1,0,1,0,0,0,0,1,1,1,0,1,1,1,1,1,1,1,0,1,0,0,0,0,0,1,1,0,0,1,0,1,1,0,0,1,0,1,0,-1,0,0,1,-1,0
-196,3/2/2025 12:00:00,1,1,1,1,0,0,0,1,0,0,0,0,1,0,1,0,0,0,1,1,0,1,1,1,1,1,0,1,1,0,0,0,1,-1,0,1,1,1,0,0,1,1,1,0,1,0,0,1,1,0,0,1,0,0,1,0,1,1,0,1,0,0,1,1,0,1,1,0,0,0,1,0,1,1,1,0,1,0,1,0,1,0,0,1,1,0,0,1,0,1,0,1,0,1,0,1,0,1,1,1,1,1,0,1,1,0,0,1,1,0,0,0,0,1,0,0,1,1,0,1,0,1,0,0,1,0,1,0,1,0,1
-197,3/2/2025 12:00:00,1,0,0,0,1,1,1,0,0,1,0,1,1,-1,0,1,0,0,1,0,0,0,1,1,1,0,1,0,0,0,1,-1,1,1,1,1,1,1,0,0,0,0,1,1,0,0,0,1,1,0,1,1,0,0,1,0,0,1,1,0,1,1,0,0,1,1,0,1,0,0,0,1,1,1,0,0,1,1,0,0,1,1,1,1,0,0,0,0,0,1,1,1,1,0,0,0,1,1,1,1,1,1,1,0,0,0,0,1,0,1,0,1,0,0,1,1,0,1,1,0,0,1,0,1,0,0,1,0,0,1,1
-198,3/2/2025 12:00:00,0,0,1,1,0,0,0,-1,1,-1,0,1,1,0,0,0,0,0,0,1,-1,1,1,1,0,-1,1,1,1,0,1,-1,0,0,1,1,0,0,-1,1,0,0,0,-1,1,-1,0,0,0,1,1,1,0,0,0,0,1,1,1,1,-1,-1,0,0,1,0,0,0,-1,1,1,1,0,0,0,0,1,1,0,0,1,1,0,1,0,1,0,0,0,1,1,1,0,1,1,0,0,1,1,1,1,1,0,0,-1,0,0,1,-1,0,1,0,0,0,1,-1,-1,0,-1,0,1,0,0,0,0,1,0,1,1,-1,0
-199,3/2/2025 12:00:00,0,0,-1,-1,0,-1,1,0,0,0,-1,0,0,-1,1,1,0,1,-1,0,0,0,0,1,-1,-1,1,1,0,0,1,1,0,1,1,0,0,1,1,0,1,1,0,0,1,0,0,1,-1,0,-1,0,-1,-1,-1,0,1,0,0,0,1,1,0,0,-1,-1,-1,1,0,0,0,-1,1,0,1,1,0,0,1,1,0,0,0,0,1,1,0,1,0,1,0,0,0,1,1,1,0,1,1,1,1,1,1,0,0,0,0,-1,0,0,-1,1,1,1,1,0,1,0,0,0,0,-1,0,0,0,-1,0,0,1,1,-1
-200,3/2/2025 12:00:00,0,-1,0,-1,1,0,0,-1,0,0,-1,0,0,0,1,0,0,1,-1,0,1,1,-1,1,-1,0,1,1,0,1,0,1,0,1,1,1,0,-1,-1,0,0,-1,0,-1,0,-1,-1,0,1,0,0,0,1,1,1,0,0,-1,0,0,1,1,1,-1,0,0,-1,0,0,-1,0,0,-1,-1,0,0,0,1,1,1,-1,0,1,0,1,1,0,0,0,0,1,1,0,0,-1,0,-1,-1,1,-1,-1,-1,-1,1,0,0,0,-1,0,0,0,-1,-1,0,-1,0,-1,1,0,0,0,0,1,0,0,-1,0,-1,0,-1,1
-201,3/2/2025 12:00:00,0,0,1,0,0,0,1,0,1,1,1,0,0,-1,0,1,1,1,0,0,0,1,1,1,1,1,0,1,1,0,0,1,0,1,1,0,-1,1,0,-1,0,0,0,1,1,0,0,1,-1,-1,0,0,0,0,1,-1,0,1,1,0,0,-1,1,-1,0,-1,1,0,-1,0,0,1,0,-1,1,1,0,1,0,0,1,0,0,1,0,0,0,1,0,1,1,1,0,-1,1,0,0,1,1,-1,1,1,0,-1,0,1,-1,0,0,1,0,0,0,0,1,1,1,0,0,-1,0,0,1,1,0,0,1,1,1,0,0
-202,3/2/2025 12:00:00,0,0,0,1,1,0,0,-1,1,1,0,1,-1,1,0,0,1,1,0,0,0,0,-1,1,1,0,1,1,0,1,-1,0,0,1,0,1,1,-1,-1,0,0,1,0,1,0,-1,0,0,1,1,0,0,0,1,-1,1,0,1,0,0,-1,1,0,0,-1,-1,0,0,-1,1,1,0,0,1,0,1,1,0,-1,0,1,0,1,0,0,0,1,1,1,0,0,1,-1,0,1,0,0,-1,1,1,1,1,-1,0,0,1,0,0,1,0,0,-1,0,-1,0,-1,0,-1,0,0,0,0,0,0,1,0,1,1,-1,-1,0
-203,3/2/2025 12:00:00,1,0,1,0,0,1,0,-1,-1,0,0,0,1,0,0,0,0,-1,1,0,1,1,-1,-1,1,0,1,1,0,1,0,1,0,1,-1,0,-1,0,-1,1,0,1,0,1,-1,0,0,1,0,1,0,1,0,0,0,1,-1,0,1,0,0,-1,-1,-1,-1,0,-1,0,1,1,0,0,0,-1,1,0,0,0,-1,1,-1,0,0,0,-1,1,0,1,0,1,0,-1,0,1,0,-1,0,1,-1,-1,-1,1,0,-1,1,0,0,0,0,-1,0,-1,-1,0,0,0,-1,0,-1,-1,0,1,-1,0,0,0,1,0,1,0,1
-204,3/2/2025 12:00:00,1,0,1,0,0,0,1,0,0,-1,1,1,0,0,1,0,1,0,0,0,1,1,1,-1,-1,-1,0,1,0,0,0,-1,1,-1,-1,0,0,0,1,1,1,1,-1,0,1,-1,1,0,0,0,0,1,1,1,0,0,0,1,0,1,0,0,1,1,0,-1,1,0,0,1,0,-1,-1,0,1,0,0,0,1,-1,-1,0,1,0,1,0,1,0,0,0,1,1,0,1,1,0,0,1,1,-1,1,1,1,0,0,0,1,0,0,0,1,1,0,0,0,1,0,1,1,1,1,0,0,1,0,1,1,0,0,0,1
-205,3/2/2025 12:00:00,0,0,1,0,0,1,0,1,1,0,1,0,1,0,0,0,0,0,1,1,1,1,0,-1,-1,1,1,1,1,0,0,1,-1,0,-1,-1,0,1,0,0,1,0,0,0,0,1,1,1,0,-1,1,1,1,0,0,0,0,1,1,0,1,-1,0,-1,0,-1,0,0,0,1,1,0,-1,-1,-1,0,1,0,-1,0,0,1,1,1,0,1,0,0,1,0,0,1,-1,0,0,0,1,-1,1,-1,1,-1,1,0,1,1,0,0,0,0,1,0,-1,0,-1,0,0,-1,0,-1,0,0,0,-1,1,1,0,0,0,1,1
-206,3/2/2025 12:00:00,0,0,0,0,1,0,1,-1,1,0,1,1,1,0,0,1,0,0,1,1,0,0,-1,1,1,-1,0,1,0,0,1,1,-1,0,0,1,1,1,0,-1,0,1,0,0,1,0,1,1,0,0,1,1,1,0,0,1,0,0,1,1,0,0,0,1,-1,1,1,1,0,1,0,0,1,0,1,1,1,-1,0,0,0,0,0,1,0,1,1,1,0,0,0,0,0,0,1,1,1,1,1,1,1,1,1,1,1,0,0,0,0,1,0,0,1,0,1,1,1,0,0,0,0,0,1,0,1,0,1,1,1,0,0
-207,3/2/2025 12:00:00,0,0,0,0,1,-1,1,0,-1,0,1,1,-1,0,0,0,0,-1,0,1,-1,0,0,-1,-1,-1,1,1,-1,0,1,0,1,0,0,0,1,-1,1,-1,0,1,0,1,-1,0,0,1,-1,0,0,0,1,0,1,0,-1,0,-1,1,0,1,1,0,1,0,-1,-1,0,0,0,0,-1,1,1,0,0,-1,0,0,-1,-1,0,0,1,0,-1,0,1,0,1,1,0,0,1,0,0,1,-1,1,1,-1,0,0,0,1,-1,0,0,0,1,-1,1,0,0,0,1,1,0,-1,1,-1,1,0,1,-1,0,0,0,0,0
-208,3/2/2025 12:00:00,0,0,0,1,1,1,0,0,1,0,-1,1,0,0,-1,0,0,1,1,0,0,1,0,-1,1,1,1,1,1,1,0,1,0,0,1,1,0,0,1,0,1,1,1,1,0,1,0,1,0,0,0,1,1,0,0,0,0,1,1,0,0,-1,0,1,1,1,0,1,0,0,0,1,1,1,1,0,0,1,1,0,0,1,0,0,1,0,1,0,1,0,1,0,1,0,0,1,1,1,1,1,1,1,0,0,0,1,0,0,-1,0,1,1,-1,0,1,1,0,0,0,1,0,-1,0,1,0,-1,0,0,0,-1,-1
